bucket,s3_image,category,label,local_image
nir-presto,dogs_vs_cats/dog/dog.0.jpg,dog,1,/v3io/bigdata/dogs_vs_cats_sample/dog/dog.0.jpg
nir-presto,dogs_vs_cats/dog/dog.1.jpg,dog,1,/v3io/bigdata/dogs_vs_cats_sample/dog/dog.1.jpg
nir-presto,dogs_vs_cats/dog/dog.10.jpg,dog,1,/v3io/bigdata/dogs_vs_cats_sample/dog/dog.10.jpg
nir-presto,dogs_vs_cats/dog/dog.100.jpg,dog,1,/v3io/bigdata/dogs_vs_cats_sample/dog/dog.100.jpg
nir-presto,dogs_vs_cats/dog/dog.1000.jpg,dog,1,/v3io/bigdata/dogs_vs_cats_sample/dog/dog.1000.jpg
nir-presto,dogs_vs_cats/dog/dog.10000.jpg,dog,1,/v3io/bigdata/dogs_vs_cats_sample/dog/dog.10000.jpg
nir-presto,dogs_vs_cats/dog/dog.10001.jpg,dog,1,/v3io/bigdata/dogs_vs_cats_sample/dog/dog.10001.jpg
nir-presto,dogs_vs_cats/dog/dog.10002.jpg,dog,1,/v3io/bigdata/dogs_vs_cats_sample/dog/dog.10002.jpg
nir-presto,dogs_vs_cats/dog/dog.10003.jpg,dog,1,/v3io/bigdata/dogs_vs_cats_sample/dog/dog.10003.jpg
nir-presto,dogs_vs_cats/dog/dog.10004.jpg,dog,1,/v3io/bigdata/dogs_vs_cats_sample/dog/dog.10004.jpg
nir-presto,dogs_vs_cats/dog/dog.10005.jpg,dog,1,/v3io/bigdata/dogs_vs_cats_sample/dog/dog.10005.jpg
nir-presto,dogs_vs_cats/dog/dog.10006.jpg,dog,1,/v3io/bigdata/dogs_vs_cats_sample/dog/dog.10006.jpg
nir-presto,dogs_vs_cats/dog/dog.10007.jpg,dog,1,/v3io/bigdata/dogs_vs_cats_sample/dog/dog.10007.jpg
nir-presto,dogs_vs_cats/dog/dog.10008.jpg,dog,1,/v3io/bigdata/dogs_vs_cats_sample/dog/dog.10008.jpg
nir-presto,dogs_vs_cats/dog/dog.10009.jpg,dog,1,/v3io/bigdata/dogs_vs_cats_sample/dog/dog.10009.jpg
nir-presto,dogs_vs_cats/dog/dog.1001.jpg,dog,1,/v3io/bigdata/dogs_vs_cats_sample/dog/dog.1001.jpg
nir-presto,dogs_vs_cats/dog/dog.10010.jpg,dog,1,/v3io/bigdata/dogs_vs_cats_sample/dog/dog.10010.jpg
nir-presto,dogs_vs_cats/dog/dog.10011.jpg,dog,1,/v3io/bigdata/dogs_vs_cats_sample/dog/dog.10011.jpg
nir-presto,dogs_vs_cats/dog/dog.10012.jpg,dog,1,/v3io/bigdata/dogs_vs_cats_sample/dog/dog.10012.jpg
nir-presto,dogs_vs_cats/dog/dog.10013.jpg,dog,1,/v3io/bigdata/dogs_vs_cats_sample/dog/dog.10013.jpg
nir-presto,dogs_vs_cats/dog/dog.10014.jpg,dog,1,/v3io/bigdata/dogs_vs_cats_sample/dog/dog.10014.jpg
nir-presto,dogs_vs_cats/dog/dog.10015.jpg,dog,1,/v3io/bigdata/dogs_vs_cats_sample/dog/dog.10015.jpg
nir-presto,dogs_vs_cats/dog/dog.10016.jpg,dog,1,/v3io/bigdata/dogs_vs_cats_sample/dog/dog.10016.jpg
nir-presto,dogs_vs_cats/dog/dog.10017.jpg,dog,1,/v3io/bigdata/dogs_vs_cats_sample/dog/dog.10017.jpg
nir-presto,dogs_vs_cats/dog/dog.10018.jpg,dog,1,/v3io/bigdata/dogs_vs_cats_sample/dog/dog.10018.jpg
nir-presto,dogs_vs_cats/dog/dog.10019.jpg,dog,1,/v3io/bigdata/dogs_vs_cats_sample/dog/dog.10019.jpg
nir-presto,dogs_vs_cats/dog/dog.1002.jpg,dog,1,/v3io/bigdata/dogs_vs_cats_sample/dog/dog.1002.jpg
nir-presto,dogs_vs_cats/dog/dog.10020.jpg,dog,1,/v3io/bigdata/dogs_vs_cats_sample/dog/dog.10020.jpg
nir-presto,dogs_vs_cats/dog/dog.10021.jpg,dog,1,/v3io/bigdata/dogs_vs_cats_sample/dog/dog.10021.jpg
nir-presto,dogs_vs_cats/dog/dog.10022.jpg,dog,1,/v3io/bigdata/dogs_vs_cats_sample/dog/dog.10022.jpg
nir-presto,dogs_vs_cats/dog/dog.10023.jpg,dog,1,/v3io/bigdata/dogs_vs_cats_sample/dog/dog.10023.jpg
nir-presto,dogs_vs_cats/dog/dog.10024.jpg,dog,1,/v3io/bigdata/dogs_vs_cats_sample/dog/dog.10024.jpg
nir-presto,dogs_vs_cats/dog/dog.10025.jpg,dog,1,/v3io/bigdata/dogs_vs_cats_sample/dog/dog.10025.jpg
nir-presto,dogs_vs_cats/dog/dog.10026.jpg,dog,1,/v3io/bigdata/dogs_vs_cats_sample/dog/dog.10026.jpg
nir-presto,dogs_vs_cats/dog/dog.10027.jpg,dog,1,/v3io/bigdata/dogs_vs_cats_sample/dog/dog.10027.jpg
nir-presto,dogs_vs_cats/dog/dog.10028.jpg,dog,1,/v3io/bigdata/dogs_vs_cats_sample/dog/dog.10028.jpg
nir-presto,dogs_vs_cats/dog/dog.10029.jpg,dog,1,/v3io/bigdata/dogs_vs_cats_sample/dog/dog.10029.jpg
nir-presto,dogs_vs_cats/dog/dog.1003.jpg,dog,1,/v3io/bigdata/dogs_vs_cats_sample/dog/dog.1003.jpg
nir-presto,dogs_vs_cats/dog/dog.10030.jpg,dog,1,/v3io/bigdata/dogs_vs_cats_sample/dog/dog.10030.jpg
nir-presto,dogs_vs_cats/dog/dog.10031.jpg,dog,1,/v3io/bigdata/dogs_vs_cats_sample/dog/dog.10031.jpg
nir-presto,dogs_vs_cats/dog/dog.10032.jpg,dog,1,/v3io/bigdata/dogs_vs_cats_sample/dog/dog.10032.jpg
nir-presto,dogs_vs_cats/dog/dog.10033.jpg,dog,1,/v3io/bigdata/dogs_vs_cats_sample/dog/dog.10033.jpg
nir-presto,dogs_vs_cats/dog/dog.10034.jpg,dog,1,/v3io/bigdata/dogs_vs_cats_sample/dog/dog.10034.jpg
nir-presto,dogs_vs_cats/dog/dog.10035.jpg,dog,1,/v3io/bigdata/dogs_vs_cats_sample/dog/dog.10035.jpg
nir-presto,dogs_vs_cats/dog/dog.10036.jpg,dog,1,/v3io/bigdata/dogs_vs_cats_sample/dog/dog.10036.jpg
nir-presto,dogs_vs_cats/dog/dog.10037.jpg,dog,1,/v3io/bigdata/dogs_vs_cats_sample/dog/dog.10037.jpg
nir-presto,dogs_vs_cats/dog/dog.10038.jpg,dog,1,/v3io/bigdata/dogs_vs_cats_sample/dog/dog.10038.jpg
nir-presto,dogs_vs_cats/dog/dog.10039.jpg,dog,1,/v3io/bigdata/dogs_vs_cats_sample/dog/dog.10039.jpg
nir-presto,dogs_vs_cats/dog/dog.1004.jpg,dog,1,/v3io/bigdata/dogs_vs_cats_sample/dog/dog.1004.jpg
nir-presto,dogs_vs_cats/dog/dog.10040.jpg,dog,1,/v3io/bigdata/dogs_vs_cats_sample/dog/dog.10040.jpg
nir-presto,dogs_vs_cats/dog/dog.10041.jpg,dog,1,/v3io/bigdata/dogs_vs_cats_sample/dog/dog.10041.jpg
nir-presto,dogs_vs_cats/dog/dog.10042.jpg,dog,1,/v3io/bigdata/dogs_vs_cats_sample/dog/dog.10042.jpg
nir-presto,dogs_vs_cats/dog/dog.10043.jpg,dog,1,/v3io/bigdata/dogs_vs_cats_sample/dog/dog.10043.jpg
nir-presto,dogs_vs_cats/dog/dog.10044.jpg,dog,1,/v3io/bigdata/dogs_vs_cats_sample/dog/dog.10044.jpg
nir-presto,dogs_vs_cats/dog/dog.10045.jpg,dog,1,/v3io/bigdata/dogs_vs_cats_sample/dog/dog.10045.jpg
nir-presto,dogs_vs_cats/dog/dog.10046.jpg,dog,1,/v3io/bigdata/dogs_vs_cats_sample/dog/dog.10046.jpg
nir-presto,dogs_vs_cats/dog/dog.10047.jpg,dog,1,/v3io/bigdata/dogs_vs_cats_sample/dog/dog.10047.jpg
nir-presto,dogs_vs_cats/dog/dog.10048.jpg,dog,1,/v3io/bigdata/dogs_vs_cats_sample/dog/dog.10048.jpg
nir-presto,dogs_vs_cats/dog/dog.10049.jpg,dog,1,/v3io/bigdata/dogs_vs_cats_sample/dog/dog.10049.jpg
nir-presto,dogs_vs_cats/dog/dog.1005.jpg,dog,1,/v3io/bigdata/dogs_vs_cats_sample/dog/dog.1005.jpg
nir-presto,dogs_vs_cats/dog/dog.10050.jpg,dog,1,/v3io/bigdata/dogs_vs_cats_sample/dog/dog.10050.jpg
nir-presto,dogs_vs_cats/dog/dog.10051.jpg,dog,1,/v3io/bigdata/dogs_vs_cats_sample/dog/dog.10051.jpg
nir-presto,dogs_vs_cats/dog/dog.10052.jpg,dog,1,/v3io/bigdata/dogs_vs_cats_sample/dog/dog.10052.jpg
nir-presto,dogs_vs_cats/dog/dog.10053.jpg,dog,1,/v3io/bigdata/dogs_vs_cats_sample/dog/dog.10053.jpg
nir-presto,dogs_vs_cats/dog/dog.10054.jpg,dog,1,/v3io/bigdata/dogs_vs_cats_sample/dog/dog.10054.jpg
nir-presto,dogs_vs_cats/dog/dog.10055.jpg,dog,1,/v3io/bigdata/dogs_vs_cats_sample/dog/dog.10055.jpg
nir-presto,dogs_vs_cats/dog/dog.10056.jpg,dog,1,/v3io/bigdata/dogs_vs_cats_sample/dog/dog.10056.jpg
nir-presto,dogs_vs_cats/dog/dog.10057.jpg,dog,1,/v3io/bigdata/dogs_vs_cats_sample/dog/dog.10057.jpg
nir-presto,dogs_vs_cats/dog/dog.10058.jpg,dog,1,/v3io/bigdata/dogs_vs_cats_sample/dog/dog.10058.jpg
nir-presto,dogs_vs_cats/dog/dog.10059.jpg,dog,1,/v3io/bigdata/dogs_vs_cats_sample/dog/dog.10059.jpg
nir-presto,dogs_vs_cats/dog/dog.1006.jpg,dog,1,/v3io/bigdata/dogs_vs_cats_sample/dog/dog.1006.jpg
nir-presto,dogs_vs_cats/dog/dog.10060.jpg,dog,1,/v3io/bigdata/dogs_vs_cats_sample/dog/dog.10060.jpg
nir-presto,dogs_vs_cats/dog/dog.10061.jpg,dog,1,/v3io/bigdata/dogs_vs_cats_sample/dog/dog.10061.jpg
nir-presto,dogs_vs_cats/dog/dog.10062.jpg,dog,1,/v3io/bigdata/dogs_vs_cats_sample/dog/dog.10062.jpg
nir-presto,dogs_vs_cats/dog/dog.10063.jpg,dog,1,/v3io/bigdata/dogs_vs_cats_sample/dog/dog.10063.jpg
nir-presto,dogs_vs_cats/dog/dog.10064.jpg,dog,1,/v3io/bigdata/dogs_vs_cats_sample/dog/dog.10064.jpg
nir-presto,dogs_vs_cats/dog/dog.10065.jpg,dog,1,/v3io/bigdata/dogs_vs_cats_sample/dog/dog.10065.jpg
nir-presto,dogs_vs_cats/dog/dog.10066.jpg,dog,1,/v3io/bigdata/dogs_vs_cats_sample/dog/dog.10066.jpg
nir-presto,dogs_vs_cats/dog/dog.10067.jpg,dog,1,/v3io/bigdata/dogs_vs_cats_sample/dog/dog.10067.jpg
nir-presto,dogs_vs_cats/dog/dog.10068.jpg,dog,1,/v3io/bigdata/dogs_vs_cats_sample/dog/dog.10068.jpg
nir-presto,dogs_vs_cats/dog/dog.10069.jpg,dog,1,/v3io/bigdata/dogs_vs_cats_sample/dog/dog.10069.jpg
nir-presto,dogs_vs_cats/dog/dog.1007.jpg,dog,1,/v3io/bigdata/dogs_vs_cats_sample/dog/dog.1007.jpg
nir-presto,dogs_vs_cats/dog/dog.10070.jpg,dog,1,/v3io/bigdata/dogs_vs_cats_sample/dog/dog.10070.jpg
nir-presto,dogs_vs_cats/dog/dog.10071.jpg,dog,1,/v3io/bigdata/dogs_vs_cats_sample/dog/dog.10071.jpg
nir-presto,dogs_vs_cats/dog/dog.10072.jpg,dog,1,/v3io/bigdata/dogs_vs_cats_sample/dog/dog.10072.jpg
nir-presto,dogs_vs_cats/dog/dog.10073.jpg,dog,1,/v3io/bigdata/dogs_vs_cats_sample/dog/dog.10073.jpg
nir-presto,dogs_vs_cats/dog/dog.10074.jpg,dog,1,/v3io/bigdata/dogs_vs_cats_sample/dog/dog.10074.jpg
nir-presto,dogs_vs_cats/dog/dog.10075.jpg,dog,1,/v3io/bigdata/dogs_vs_cats_sample/dog/dog.10075.jpg
nir-presto,dogs_vs_cats/dog/dog.10076.jpg,dog,1,/v3io/bigdata/dogs_vs_cats_sample/dog/dog.10076.jpg
nir-presto,dogs_vs_cats/dog/dog.10077.jpg,dog,1,/v3io/bigdata/dogs_vs_cats_sample/dog/dog.10077.jpg
nir-presto,dogs_vs_cats/dog/dog.10078.jpg,dog,1,/v3io/bigdata/dogs_vs_cats_sample/dog/dog.10078.jpg
nir-presto,dogs_vs_cats/dog/dog.10079.jpg,dog,1,/v3io/bigdata/dogs_vs_cats_sample/dog/dog.10079.jpg
nir-presto,dogs_vs_cats/dog/dog.1008.jpg,dog,1,/v3io/bigdata/dogs_vs_cats_sample/dog/dog.1008.jpg
nir-presto,dogs_vs_cats/dog/dog.10080.jpg,dog,1,/v3io/bigdata/dogs_vs_cats_sample/dog/dog.10080.jpg
nir-presto,dogs_vs_cats/dog/dog.10081.jpg,dog,1,/v3io/bigdata/dogs_vs_cats_sample/dog/dog.10081.jpg
nir-presto,dogs_vs_cats/dog/dog.10082.jpg,dog,1,/v3io/bigdata/dogs_vs_cats_sample/dog/dog.10082.jpg
nir-presto,dogs_vs_cats/dog/dog.10083.jpg,dog,1,/v3io/bigdata/dogs_vs_cats_sample/dog/dog.10083.jpg
nir-presto,dogs_vs_cats/dog/dog.10084.jpg,dog,1,/v3io/bigdata/dogs_vs_cats_sample/dog/dog.10084.jpg
nir-presto,dogs_vs_cats/dog/dog.10085.jpg,dog,1,/v3io/bigdata/dogs_vs_cats_sample/dog/dog.10085.jpg
nir-presto,dogs_vs_cats/dog/dog.10086.jpg,dog,1,/v3io/bigdata/dogs_vs_cats_sample/dog/dog.10086.jpg
nir-presto,dogs_vs_cats/dog/dog.10087.jpg,dog,1,/v3io/bigdata/dogs_vs_cats_sample/dog/dog.10087.jpg
nir-presto,dogs_vs_cats/dog/dog.10088.jpg,dog,1,/v3io/bigdata/dogs_vs_cats_sample/dog/dog.10088.jpg
nir-presto,dogs_vs_cats/dog/dog.10089.jpg,dog,1,/v3io/bigdata/dogs_vs_cats_sample/dog/dog.10089.jpg
nir-presto,dogs_vs_cats/dog/dog.1009.jpg,dog,1,/v3io/bigdata/dogs_vs_cats_sample/dog/dog.1009.jpg
nir-presto,dogs_vs_cats/dog/dog.10090.jpg,dog,1,/v3io/bigdata/dogs_vs_cats_sample/dog/dog.10090.jpg
nir-presto,dogs_vs_cats/dog/dog.10091.jpg,dog,1,/v3io/bigdata/dogs_vs_cats_sample/dog/dog.10091.jpg
nir-presto,dogs_vs_cats/dog/dog.10092.jpg,dog,1,/v3io/bigdata/dogs_vs_cats_sample/dog/dog.10092.jpg
nir-presto,dogs_vs_cats/dog/dog.10093.jpg,dog,1,/v3io/bigdata/dogs_vs_cats_sample/dog/dog.10093.jpg
nir-presto,dogs_vs_cats/dog/dog.10094.jpg,dog,1,/v3io/bigdata/dogs_vs_cats_sample/dog/dog.10094.jpg
nir-presto,dogs_vs_cats/dog/dog.10095.jpg,dog,1,/v3io/bigdata/dogs_vs_cats_sample/dog/dog.10095.jpg
nir-presto,dogs_vs_cats/dog/dog.10096.jpg,dog,1,/v3io/bigdata/dogs_vs_cats_sample/dog/dog.10096.jpg
nir-presto,dogs_vs_cats/dog/dog.10097.jpg,dog,1,/v3io/bigdata/dogs_vs_cats_sample/dog/dog.10097.jpg
nir-presto,dogs_vs_cats/dog/dog.10098.jpg,dog,1,/v3io/bigdata/dogs_vs_cats_sample/dog/dog.10098.jpg
nir-presto,dogs_vs_cats/dog/dog.10099.jpg,dog,1,/v3io/bigdata/dogs_vs_cats_sample/dog/dog.10099.jpg
nir-presto,dogs_vs_cats/dog/dog.101.jpg,dog,1,/v3io/bigdata/dogs_vs_cats_sample/dog/dog.101.jpg
nir-presto,dogs_vs_cats/dog/dog.1010.jpg,dog,1,/v3io/bigdata/dogs_vs_cats_sample/dog/dog.1010.jpg
nir-presto,dogs_vs_cats/dog/dog.10100.jpg,dog,1,/v3io/bigdata/dogs_vs_cats_sample/dog/dog.10100.jpg
nir-presto,dogs_vs_cats/dog/dog.10101.jpg,dog,1,/v3io/bigdata/dogs_vs_cats_sample/dog/dog.10101.jpg
nir-presto,dogs_vs_cats/dog/dog.10102.jpg,dog,1,/v3io/bigdata/dogs_vs_cats_sample/dog/dog.10102.jpg
nir-presto,dogs_vs_cats/dog/dog.10103.jpg,dog,1,/v3io/bigdata/dogs_vs_cats_sample/dog/dog.10103.jpg
nir-presto,dogs_vs_cats/dog/dog.10104.jpg,dog,1,/v3io/bigdata/dogs_vs_cats_sample/dog/dog.10104.jpg
nir-presto,dogs_vs_cats/dog/dog.10105.jpg,dog,1,/v3io/bigdata/dogs_vs_cats_sample/dog/dog.10105.jpg
nir-presto,dogs_vs_cats/dog/dog.10106.jpg,dog,1,/v3io/bigdata/dogs_vs_cats_sample/dog/dog.10106.jpg
nir-presto,dogs_vs_cats/dog/dog.10107.jpg,dog,1,/v3io/bigdata/dogs_vs_cats_sample/dog/dog.10107.jpg
nir-presto,dogs_vs_cats/dog/dog.10108.jpg,dog,1,/v3io/bigdata/dogs_vs_cats_sample/dog/dog.10108.jpg
nir-presto,dogs_vs_cats/dog/dog.10109.jpg,dog,1,/v3io/bigdata/dogs_vs_cats_sample/dog/dog.10109.jpg
nir-presto,dogs_vs_cats/dog/dog.1011.jpg,dog,1,/v3io/bigdata/dogs_vs_cats_sample/dog/dog.1011.jpg
nir-presto,dogs_vs_cats/dog/dog.10110.jpg,dog,1,/v3io/bigdata/dogs_vs_cats_sample/dog/dog.10110.jpg
nir-presto,dogs_vs_cats/dog/dog.10111.jpg,dog,1,/v3io/bigdata/dogs_vs_cats_sample/dog/dog.10111.jpg
nir-presto,dogs_vs_cats/dog/dog.10112.jpg,dog,1,/v3io/bigdata/dogs_vs_cats_sample/dog/dog.10112.jpg
nir-presto,dogs_vs_cats/dog/dog.10113.jpg,dog,1,/v3io/bigdata/dogs_vs_cats_sample/dog/dog.10113.jpg
nir-presto,dogs_vs_cats/dog/dog.10114.jpg,dog,1,/v3io/bigdata/dogs_vs_cats_sample/dog/dog.10114.jpg
nir-presto,dogs_vs_cats/dog/dog.10115.jpg,dog,1,/v3io/bigdata/dogs_vs_cats_sample/dog/dog.10115.jpg
nir-presto,dogs_vs_cats/dog/dog.10116.jpg,dog,1,/v3io/bigdata/dogs_vs_cats_sample/dog/dog.10116.jpg
nir-presto,dogs_vs_cats/dog/dog.10117.jpg,dog,1,/v3io/bigdata/dogs_vs_cats_sample/dog/dog.10117.jpg
nir-presto,dogs_vs_cats/dog/dog.10118.jpg,dog,1,/v3io/bigdata/dogs_vs_cats_sample/dog/dog.10118.jpg
nir-presto,dogs_vs_cats/dog/dog.10119.jpg,dog,1,/v3io/bigdata/dogs_vs_cats_sample/dog/dog.10119.jpg
nir-presto,dogs_vs_cats/dog/dog.1012.jpg,dog,1,/v3io/bigdata/dogs_vs_cats_sample/dog/dog.1012.jpg
nir-presto,dogs_vs_cats/dog/dog.10120.jpg,dog,1,/v3io/bigdata/dogs_vs_cats_sample/dog/dog.10120.jpg
nir-presto,dogs_vs_cats/dog/dog.10121.jpg,dog,1,/v3io/bigdata/dogs_vs_cats_sample/dog/dog.10121.jpg
nir-presto,dogs_vs_cats/dog/dog.10122.jpg,dog,1,/v3io/bigdata/dogs_vs_cats_sample/dog/dog.10122.jpg
nir-presto,dogs_vs_cats/dog/dog.10123.jpg,dog,1,/v3io/bigdata/dogs_vs_cats_sample/dog/dog.10123.jpg
nir-presto,dogs_vs_cats/dog/dog.10124.jpg,dog,1,/v3io/bigdata/dogs_vs_cats_sample/dog/dog.10124.jpg
nir-presto,dogs_vs_cats/dog/dog.10125.jpg,dog,1,/v3io/bigdata/dogs_vs_cats_sample/dog/dog.10125.jpg
nir-presto,dogs_vs_cats/dog/dog.10126.jpg,dog,1,/v3io/bigdata/dogs_vs_cats_sample/dog/dog.10126.jpg
nir-presto,dogs_vs_cats/dog/dog.10127.jpg,dog,1,/v3io/bigdata/dogs_vs_cats_sample/dog/dog.10127.jpg
nir-presto,dogs_vs_cats/dog/dog.10128.jpg,dog,1,/v3io/bigdata/dogs_vs_cats_sample/dog/dog.10128.jpg
nir-presto,dogs_vs_cats/dog/dog.10129.jpg,dog,1,/v3io/bigdata/dogs_vs_cats_sample/dog/dog.10129.jpg
nir-presto,dogs_vs_cats/dog/dog.1013.jpg,dog,1,/v3io/bigdata/dogs_vs_cats_sample/dog/dog.1013.jpg
nir-presto,dogs_vs_cats/dog/dog.10130.jpg,dog,1,/v3io/bigdata/dogs_vs_cats_sample/dog/dog.10130.jpg
nir-presto,dogs_vs_cats/dog/dog.10131.jpg,dog,1,/v3io/bigdata/dogs_vs_cats_sample/dog/dog.10131.jpg
nir-presto,dogs_vs_cats/dog/dog.10132.jpg,dog,1,/v3io/bigdata/dogs_vs_cats_sample/dog/dog.10132.jpg
nir-presto,dogs_vs_cats/dog/dog.10133.jpg,dog,1,/v3io/bigdata/dogs_vs_cats_sample/dog/dog.10133.jpg
nir-presto,dogs_vs_cats/dog/dog.10134.jpg,dog,1,/v3io/bigdata/dogs_vs_cats_sample/dog/dog.10134.jpg
nir-presto,dogs_vs_cats/dog/dog.10135.jpg,dog,1,/v3io/bigdata/dogs_vs_cats_sample/dog/dog.10135.jpg
nir-presto,dogs_vs_cats/dog/dog.10136.jpg,dog,1,/v3io/bigdata/dogs_vs_cats_sample/dog/dog.10136.jpg
nir-presto,dogs_vs_cats/dog/dog.10137.jpg,dog,1,/v3io/bigdata/dogs_vs_cats_sample/dog/dog.10137.jpg
nir-presto,dogs_vs_cats/dog/dog.10138.jpg,dog,1,/v3io/bigdata/dogs_vs_cats_sample/dog/dog.10138.jpg
nir-presto,dogs_vs_cats/dog/dog.10139.jpg,dog,1,/v3io/bigdata/dogs_vs_cats_sample/dog/dog.10139.jpg
nir-presto,dogs_vs_cats/dog/dog.1014.jpg,dog,1,/v3io/bigdata/dogs_vs_cats_sample/dog/dog.1014.jpg
nir-presto,dogs_vs_cats/dog/dog.10140.jpg,dog,1,/v3io/bigdata/dogs_vs_cats_sample/dog/dog.10140.jpg
nir-presto,dogs_vs_cats/dog/dog.10141.jpg,dog,1,/v3io/bigdata/dogs_vs_cats_sample/dog/dog.10141.jpg
nir-presto,dogs_vs_cats/dog/dog.10142.jpg,dog,1,/v3io/bigdata/dogs_vs_cats_sample/dog/dog.10142.jpg
nir-presto,dogs_vs_cats/dog/dog.10143.jpg,dog,1,/v3io/bigdata/dogs_vs_cats_sample/dog/dog.10143.jpg
nir-presto,dogs_vs_cats/dog/dog.10144.jpg,dog,1,/v3io/bigdata/dogs_vs_cats_sample/dog/dog.10144.jpg
nir-presto,dogs_vs_cats/dog/dog.10145.jpg,dog,1,/v3io/bigdata/dogs_vs_cats_sample/dog/dog.10145.jpg
nir-presto,dogs_vs_cats/dog/dog.10146.jpg,dog,1,/v3io/bigdata/dogs_vs_cats_sample/dog/dog.10146.jpg
nir-presto,dogs_vs_cats/dog/dog.10147.jpg,dog,1,/v3io/bigdata/dogs_vs_cats_sample/dog/dog.10147.jpg
nir-presto,dogs_vs_cats/dog/dog.10148.jpg,dog,1,/v3io/bigdata/dogs_vs_cats_sample/dog/dog.10148.jpg
nir-presto,dogs_vs_cats/dog/dog.10149.jpg,dog,1,/v3io/bigdata/dogs_vs_cats_sample/dog/dog.10149.jpg
nir-presto,dogs_vs_cats/dog/dog.1015.jpg,dog,1,/v3io/bigdata/dogs_vs_cats_sample/dog/dog.1015.jpg
nir-presto,dogs_vs_cats/dog/dog.10150.jpg,dog,1,/v3io/bigdata/dogs_vs_cats_sample/dog/dog.10150.jpg
nir-presto,dogs_vs_cats/dog/dog.10151.jpg,dog,1,/v3io/bigdata/dogs_vs_cats_sample/dog/dog.10151.jpg
nir-presto,dogs_vs_cats/dog/dog.10152.jpg,dog,1,/v3io/bigdata/dogs_vs_cats_sample/dog/dog.10152.jpg
nir-presto,dogs_vs_cats/dog/dog.10153.jpg,dog,1,/v3io/bigdata/dogs_vs_cats_sample/dog/dog.10153.jpg
nir-presto,dogs_vs_cats/dog/dog.10154.jpg,dog,1,/v3io/bigdata/dogs_vs_cats_sample/dog/dog.10154.jpg
nir-presto,dogs_vs_cats/dog/dog.10155.jpg,dog,1,/v3io/bigdata/dogs_vs_cats_sample/dog/dog.10155.jpg
nir-presto,dogs_vs_cats/dog/dog.10156.jpg,dog,1,/v3io/bigdata/dogs_vs_cats_sample/dog/dog.10156.jpg
nir-presto,dogs_vs_cats/dog/dog.10157.jpg,dog,1,/v3io/bigdata/dogs_vs_cats_sample/dog/dog.10157.jpg
nir-presto,dogs_vs_cats/dog/dog.10158.jpg,dog,1,/v3io/bigdata/dogs_vs_cats_sample/dog/dog.10158.jpg
nir-presto,dogs_vs_cats/dog/dog.10159.jpg,dog,1,/v3io/bigdata/dogs_vs_cats_sample/dog/dog.10159.jpg
nir-presto,dogs_vs_cats/dog/dog.1016.jpg,dog,1,/v3io/bigdata/dogs_vs_cats_sample/dog/dog.1016.jpg
nir-presto,dogs_vs_cats/dog/dog.10160.jpg,dog,1,/v3io/bigdata/dogs_vs_cats_sample/dog/dog.10160.jpg
nir-presto,dogs_vs_cats/dog/dog.10161.jpg,dog,1,/v3io/bigdata/dogs_vs_cats_sample/dog/dog.10161.jpg
nir-presto,dogs_vs_cats/dog/dog.10162.jpg,dog,1,/v3io/bigdata/dogs_vs_cats_sample/dog/dog.10162.jpg
nir-presto,dogs_vs_cats/dog/dog.10163.jpg,dog,1,/v3io/bigdata/dogs_vs_cats_sample/dog/dog.10163.jpg
nir-presto,dogs_vs_cats/dog/dog.10164.jpg,dog,1,/v3io/bigdata/dogs_vs_cats_sample/dog/dog.10164.jpg
nir-presto,dogs_vs_cats/dog/dog.10165.jpg,dog,1,/v3io/bigdata/dogs_vs_cats_sample/dog/dog.10165.jpg
nir-presto,dogs_vs_cats/dog/dog.10166.jpg,dog,1,/v3io/bigdata/dogs_vs_cats_sample/dog/dog.10166.jpg
nir-presto,dogs_vs_cats/dog/dog.10167.jpg,dog,1,/v3io/bigdata/dogs_vs_cats_sample/dog/dog.10167.jpg
nir-presto,dogs_vs_cats/dog/dog.10168.jpg,dog,1,/v3io/bigdata/dogs_vs_cats_sample/dog/dog.10168.jpg
nir-presto,dogs_vs_cats/dog/dog.10169.jpg,dog,1,/v3io/bigdata/dogs_vs_cats_sample/dog/dog.10169.jpg
nir-presto,dogs_vs_cats/dog/dog.1017.jpg,dog,1,/v3io/bigdata/dogs_vs_cats_sample/dog/dog.1017.jpg
nir-presto,dogs_vs_cats/dog/dog.10170.jpg,dog,1,/v3io/bigdata/dogs_vs_cats_sample/dog/dog.10170.jpg
nir-presto,dogs_vs_cats/dog/dog.10171.jpg,dog,1,/v3io/bigdata/dogs_vs_cats_sample/dog/dog.10171.jpg
nir-presto,dogs_vs_cats/dog/dog.10172.jpg,dog,1,/v3io/bigdata/dogs_vs_cats_sample/dog/dog.10172.jpg
nir-presto,dogs_vs_cats/dog/dog.10173.jpg,dog,1,/v3io/bigdata/dogs_vs_cats_sample/dog/dog.10173.jpg
nir-presto,dogs_vs_cats/dog/dog.10174.jpg,dog,1,/v3io/bigdata/dogs_vs_cats_sample/dog/dog.10174.jpg
nir-presto,dogs_vs_cats/dog/dog.10175.jpg,dog,1,/v3io/bigdata/dogs_vs_cats_sample/dog/dog.10175.jpg
nir-presto,dogs_vs_cats/dog/dog.10176.jpg,dog,1,/v3io/bigdata/dogs_vs_cats_sample/dog/dog.10176.jpg
nir-presto,dogs_vs_cats/dog/dog.10177.jpg,dog,1,/v3io/bigdata/dogs_vs_cats_sample/dog/dog.10177.jpg
nir-presto,dogs_vs_cats/dog/dog.10178.jpg,dog,1,/v3io/bigdata/dogs_vs_cats_sample/dog/dog.10178.jpg
nir-presto,dogs_vs_cats/dog/dog.10179.jpg,dog,1,/v3io/bigdata/dogs_vs_cats_sample/dog/dog.10179.jpg
nir-presto,dogs_vs_cats/dog/dog.1018.jpg,dog,1,/v3io/bigdata/dogs_vs_cats_sample/dog/dog.1018.jpg
nir-presto,dogs_vs_cats/dog/dog.10180.jpg,dog,1,/v3io/bigdata/dogs_vs_cats_sample/dog/dog.10180.jpg
nir-presto,dogs_vs_cats/dog/dog.10181.jpg,dog,1,/v3io/bigdata/dogs_vs_cats_sample/dog/dog.10181.jpg
nir-presto,dogs_vs_cats/dog/dog.10182.jpg,dog,1,/v3io/bigdata/dogs_vs_cats_sample/dog/dog.10182.jpg
nir-presto,dogs_vs_cats/dog/dog.10183.jpg,dog,1,/v3io/bigdata/dogs_vs_cats_sample/dog/dog.10183.jpg
nir-presto,dogs_vs_cats/dog/dog.10184.jpg,dog,1,/v3io/bigdata/dogs_vs_cats_sample/dog/dog.10184.jpg
nir-presto,dogs_vs_cats/dog/dog.10185.jpg,dog,1,/v3io/bigdata/dogs_vs_cats_sample/dog/dog.10185.jpg
nir-presto,dogs_vs_cats/dog/dog.10186.jpg,dog,1,/v3io/bigdata/dogs_vs_cats_sample/dog/dog.10186.jpg
nir-presto,dogs_vs_cats/dog/dog.10187.jpg,dog,1,/v3io/bigdata/dogs_vs_cats_sample/dog/dog.10187.jpg
nir-presto,dogs_vs_cats/dog/dog.10188.jpg,dog,1,/v3io/bigdata/dogs_vs_cats_sample/dog/dog.10188.jpg
nir-presto,dogs_vs_cats/dog/dog.10189.jpg,dog,1,/v3io/bigdata/dogs_vs_cats_sample/dog/dog.10189.jpg
nir-presto,dogs_vs_cats/dog/dog.1019.jpg,dog,1,/v3io/bigdata/dogs_vs_cats_sample/dog/dog.1019.jpg
nir-presto,dogs_vs_cats/dog/dog.10190.jpg,dog,1,/v3io/bigdata/dogs_vs_cats_sample/dog/dog.10190.jpg
nir-presto,dogs_vs_cats/dog/dog.10191.jpg,dog,1,/v3io/bigdata/dogs_vs_cats_sample/dog/dog.10191.jpg
nir-presto,dogs_vs_cats/dog/dog.10192.jpg,dog,1,/v3io/bigdata/dogs_vs_cats_sample/dog/dog.10192.jpg
nir-presto,dogs_vs_cats/dog/dog.10193.jpg,dog,1,/v3io/bigdata/dogs_vs_cats_sample/dog/dog.10193.jpg
nir-presto,dogs_vs_cats/dog/dog.10194.jpg,dog,1,/v3io/bigdata/dogs_vs_cats_sample/dog/dog.10194.jpg
nir-presto,dogs_vs_cats/dog/dog.10195.jpg,dog,1,/v3io/bigdata/dogs_vs_cats_sample/dog/dog.10195.jpg
nir-presto,dogs_vs_cats/dog/dog.10196.jpg,dog,1,/v3io/bigdata/dogs_vs_cats_sample/dog/dog.10196.jpg
nir-presto,dogs_vs_cats/dog/dog.10197.jpg,dog,1,/v3io/bigdata/dogs_vs_cats_sample/dog/dog.10197.jpg
nir-presto,dogs_vs_cats/dog/dog.10198.jpg,dog,1,/v3io/bigdata/dogs_vs_cats_sample/dog/dog.10198.jpg
nir-presto,dogs_vs_cats/dog/dog.10199.jpg,dog,1,/v3io/bigdata/dogs_vs_cats_sample/dog/dog.10199.jpg
nir-presto,dogs_vs_cats/dog/dog.102.jpg,dog,1,/v3io/bigdata/dogs_vs_cats_sample/dog/dog.102.jpg
nir-presto,dogs_vs_cats/dog/dog.1020.jpg,dog,1,/v3io/bigdata/dogs_vs_cats_sample/dog/dog.1020.jpg
nir-presto,dogs_vs_cats/dog/dog.10200.jpg,dog,1,/v3io/bigdata/dogs_vs_cats_sample/dog/dog.10200.jpg
nir-presto,dogs_vs_cats/dog/dog.10201.jpg,dog,1,/v3io/bigdata/dogs_vs_cats_sample/dog/dog.10201.jpg
nir-presto,dogs_vs_cats/dog/dog.10202.jpg,dog,1,/v3io/bigdata/dogs_vs_cats_sample/dog/dog.10202.jpg
nir-presto,dogs_vs_cats/dog/dog.10203.jpg,dog,1,/v3io/bigdata/dogs_vs_cats_sample/dog/dog.10203.jpg
nir-presto,dogs_vs_cats/dog/dog.10204.jpg,dog,1,/v3io/bigdata/dogs_vs_cats_sample/dog/dog.10204.jpg
nir-presto,dogs_vs_cats/dog/dog.10205.jpg,dog,1,/v3io/bigdata/dogs_vs_cats_sample/dog/dog.10205.jpg
nir-presto,dogs_vs_cats/dog/dog.10206.jpg,dog,1,/v3io/bigdata/dogs_vs_cats_sample/dog/dog.10206.jpg
nir-presto,dogs_vs_cats/dog/dog.10207.jpg,dog,1,/v3io/bigdata/dogs_vs_cats_sample/dog/dog.10207.jpg
nir-presto,dogs_vs_cats/dog/dog.10208.jpg,dog,1,/v3io/bigdata/dogs_vs_cats_sample/dog/dog.10208.jpg
nir-presto,dogs_vs_cats/dog/dog.10209.jpg,dog,1,/v3io/bigdata/dogs_vs_cats_sample/dog/dog.10209.jpg
nir-presto,dogs_vs_cats/dog/dog.1021.jpg,dog,1,/v3io/bigdata/dogs_vs_cats_sample/dog/dog.1021.jpg
nir-presto,dogs_vs_cats/dog/dog.10210.jpg,dog,1,/v3io/bigdata/dogs_vs_cats_sample/dog/dog.10210.jpg
nir-presto,dogs_vs_cats/dog/dog.10211.jpg,dog,1,/v3io/bigdata/dogs_vs_cats_sample/dog/dog.10211.jpg
nir-presto,dogs_vs_cats/dog/dog.10212.jpg,dog,1,/v3io/bigdata/dogs_vs_cats_sample/dog/dog.10212.jpg
nir-presto,dogs_vs_cats/dog/dog.10213.jpg,dog,1,/v3io/bigdata/dogs_vs_cats_sample/dog/dog.10213.jpg
nir-presto,dogs_vs_cats/dog/dog.10214.jpg,dog,1,/v3io/bigdata/dogs_vs_cats_sample/dog/dog.10214.jpg
nir-presto,dogs_vs_cats/dog/dog.10215.jpg,dog,1,/v3io/bigdata/dogs_vs_cats_sample/dog/dog.10215.jpg
nir-presto,dogs_vs_cats/dog/dog.10216.jpg,dog,1,/v3io/bigdata/dogs_vs_cats_sample/dog/dog.10216.jpg
nir-presto,dogs_vs_cats/dog/dog.10217.jpg,dog,1,/v3io/bigdata/dogs_vs_cats_sample/dog/dog.10217.jpg
nir-presto,dogs_vs_cats/dog/dog.10218.jpg,dog,1,/v3io/bigdata/dogs_vs_cats_sample/dog/dog.10218.jpg
nir-presto,dogs_vs_cats/dog/dog.10219.jpg,dog,1,/v3io/bigdata/dogs_vs_cats_sample/dog/dog.10219.jpg
nir-presto,dogs_vs_cats/dog/dog.1022.jpg,dog,1,/v3io/bigdata/dogs_vs_cats_sample/dog/dog.1022.jpg
nir-presto,dogs_vs_cats/dog/dog.10220.jpg,dog,1,/v3io/bigdata/dogs_vs_cats_sample/dog/dog.10220.jpg
nir-presto,dogs_vs_cats/dog/dog.10221.jpg,dog,1,/v3io/bigdata/dogs_vs_cats_sample/dog/dog.10221.jpg
nir-presto,dogs_vs_cats/dog/dog.10222.jpg,dog,1,/v3io/bigdata/dogs_vs_cats_sample/dog/dog.10222.jpg
nir-presto,dogs_vs_cats/dog/dog.10223.jpg,dog,1,/v3io/bigdata/dogs_vs_cats_sample/dog/dog.10223.jpg
nir-presto,dogs_vs_cats/dog/dog.10224.jpg,dog,1,/v3io/bigdata/dogs_vs_cats_sample/dog/dog.10224.jpg
nir-presto,dogs_vs_cats/dog/dog.10225.jpg,dog,1,/v3io/bigdata/dogs_vs_cats_sample/dog/dog.10225.jpg
nir-presto,dogs_vs_cats/dog/dog.10226.jpg,dog,1,/v3io/bigdata/dogs_vs_cats_sample/dog/dog.10226.jpg
nir-presto,dogs_vs_cats/dog/dog.10227.jpg,dog,1,/v3io/bigdata/dogs_vs_cats_sample/dog/dog.10227.jpg
nir-presto,dogs_vs_cats/dog/dog.10228.jpg,dog,1,/v3io/bigdata/dogs_vs_cats_sample/dog/dog.10228.jpg
nir-presto,dogs_vs_cats/dog/dog.10229.jpg,dog,1,/v3io/bigdata/dogs_vs_cats_sample/dog/dog.10229.jpg
nir-presto,dogs_vs_cats/dog/dog.1023.jpg,dog,1,/v3io/bigdata/dogs_vs_cats_sample/dog/dog.1023.jpg
nir-presto,dogs_vs_cats/dog/dog.10230.jpg,dog,1,/v3io/bigdata/dogs_vs_cats_sample/dog/dog.10230.jpg
nir-presto,dogs_vs_cats/dog/dog.10231.jpg,dog,1,/v3io/bigdata/dogs_vs_cats_sample/dog/dog.10231.jpg
nir-presto,dogs_vs_cats/dog/dog.10232.jpg,dog,1,/v3io/bigdata/dogs_vs_cats_sample/dog/dog.10232.jpg
nir-presto,dogs_vs_cats/dog/dog.10233.jpg,dog,1,/v3io/bigdata/dogs_vs_cats_sample/dog/dog.10233.jpg
nir-presto,dogs_vs_cats/dog/dog.10234.jpg,dog,1,/v3io/bigdata/dogs_vs_cats_sample/dog/dog.10234.jpg
nir-presto,dogs_vs_cats/dog/dog.10235.jpg,dog,1,/v3io/bigdata/dogs_vs_cats_sample/dog/dog.10235.jpg
nir-presto,dogs_vs_cats/dog/dog.10236.jpg,dog,1,/v3io/bigdata/dogs_vs_cats_sample/dog/dog.10236.jpg
nir-presto,dogs_vs_cats/dog/dog.10237.jpg,dog,1,/v3io/bigdata/dogs_vs_cats_sample/dog/dog.10237.jpg
nir-presto,dogs_vs_cats/dog/dog.10238.jpg,dog,1,/v3io/bigdata/dogs_vs_cats_sample/dog/dog.10238.jpg
nir-presto,dogs_vs_cats/dog/dog.10239.jpg,dog,1,/v3io/bigdata/dogs_vs_cats_sample/dog/dog.10239.jpg
nir-presto,dogs_vs_cats/dog/dog.1024.jpg,dog,1,/v3io/bigdata/dogs_vs_cats_sample/dog/dog.1024.jpg
nir-presto,dogs_vs_cats/dog/dog.10240.jpg,dog,1,/v3io/bigdata/dogs_vs_cats_sample/dog/dog.10240.jpg
nir-presto,dogs_vs_cats/dog/dog.10241.jpg,dog,1,/v3io/bigdata/dogs_vs_cats_sample/dog/dog.10241.jpg
nir-presto,dogs_vs_cats/dog/dog.10242.jpg,dog,1,/v3io/bigdata/dogs_vs_cats_sample/dog/dog.10242.jpg
nir-presto,dogs_vs_cats/dog/dog.10243.jpg,dog,1,/v3io/bigdata/dogs_vs_cats_sample/dog/dog.10243.jpg
nir-presto,dogs_vs_cats/dog/dog.10244.jpg,dog,1,/v3io/bigdata/dogs_vs_cats_sample/dog/dog.10244.jpg
nir-presto,dogs_vs_cats/dog/dog.10245.jpg,dog,1,/v3io/bigdata/dogs_vs_cats_sample/dog/dog.10245.jpg
nir-presto,dogs_vs_cats/dog/dog.10246.jpg,dog,1,/v3io/bigdata/dogs_vs_cats_sample/dog/dog.10246.jpg
nir-presto,dogs_vs_cats/dog/dog.10247.jpg,dog,1,/v3io/bigdata/dogs_vs_cats_sample/dog/dog.10247.jpg
nir-presto,dogs_vs_cats/dog/dog.10248.jpg,dog,1,/v3io/bigdata/dogs_vs_cats_sample/dog/dog.10248.jpg
nir-presto,dogs_vs_cats/dog/dog.10249.jpg,dog,1,/v3io/bigdata/dogs_vs_cats_sample/dog/dog.10249.jpg
nir-presto,dogs_vs_cats/dog/dog.1025.jpg,dog,1,/v3io/bigdata/dogs_vs_cats_sample/dog/dog.1025.jpg
nir-presto,dogs_vs_cats/dog/dog.10250.jpg,dog,1,/v3io/bigdata/dogs_vs_cats_sample/dog/dog.10250.jpg
nir-presto,dogs_vs_cats/dog/dog.10251.jpg,dog,1,/v3io/bigdata/dogs_vs_cats_sample/dog/dog.10251.jpg
nir-presto,dogs_vs_cats/dog/dog.10252.jpg,dog,1,/v3io/bigdata/dogs_vs_cats_sample/dog/dog.10252.jpg
nir-presto,dogs_vs_cats/dog/dog.10253.jpg,dog,1,/v3io/bigdata/dogs_vs_cats_sample/dog/dog.10253.jpg
nir-presto,dogs_vs_cats/dog/dog.10254.jpg,dog,1,/v3io/bigdata/dogs_vs_cats_sample/dog/dog.10254.jpg
nir-presto,dogs_vs_cats/dog/dog.10255.jpg,dog,1,/v3io/bigdata/dogs_vs_cats_sample/dog/dog.10255.jpg
nir-presto,dogs_vs_cats/dog/dog.10256.jpg,dog,1,/v3io/bigdata/dogs_vs_cats_sample/dog/dog.10256.jpg
nir-presto,dogs_vs_cats/dog/dog.10257.jpg,dog,1,/v3io/bigdata/dogs_vs_cats_sample/dog/dog.10257.jpg
nir-presto,dogs_vs_cats/dog/dog.10258.jpg,dog,1,/v3io/bigdata/dogs_vs_cats_sample/dog/dog.10258.jpg
nir-presto,dogs_vs_cats/dog/dog.10259.jpg,dog,1,/v3io/bigdata/dogs_vs_cats_sample/dog/dog.10259.jpg
nir-presto,dogs_vs_cats/dog/dog.1026.jpg,dog,1,/v3io/bigdata/dogs_vs_cats_sample/dog/dog.1026.jpg
nir-presto,dogs_vs_cats/dog/dog.10260.jpg,dog,1,/v3io/bigdata/dogs_vs_cats_sample/dog/dog.10260.jpg
nir-presto,dogs_vs_cats/dog/dog.10261.jpg,dog,1,/v3io/bigdata/dogs_vs_cats_sample/dog/dog.10261.jpg
nir-presto,dogs_vs_cats/dog/dog.10262.jpg,dog,1,/v3io/bigdata/dogs_vs_cats_sample/dog/dog.10262.jpg
nir-presto,dogs_vs_cats/dog/dog.10263.jpg,dog,1,/v3io/bigdata/dogs_vs_cats_sample/dog/dog.10263.jpg
nir-presto,dogs_vs_cats/dog/dog.10264.jpg,dog,1,/v3io/bigdata/dogs_vs_cats_sample/dog/dog.10264.jpg
nir-presto,dogs_vs_cats/dog/dog.10265.jpg,dog,1,/v3io/bigdata/dogs_vs_cats_sample/dog/dog.10265.jpg
nir-presto,dogs_vs_cats/dog/dog.10266.jpg,dog,1,/v3io/bigdata/dogs_vs_cats_sample/dog/dog.10266.jpg
nir-presto,dogs_vs_cats/dog/dog.10267.jpg,dog,1,/v3io/bigdata/dogs_vs_cats_sample/dog/dog.10267.jpg
nir-presto,dogs_vs_cats/dog/dog.10268.jpg,dog,1,/v3io/bigdata/dogs_vs_cats_sample/dog/dog.10268.jpg
nir-presto,dogs_vs_cats/dog/dog.10269.jpg,dog,1,/v3io/bigdata/dogs_vs_cats_sample/dog/dog.10269.jpg
nir-presto,dogs_vs_cats/dog/dog.1027.jpg,dog,1,/v3io/bigdata/dogs_vs_cats_sample/dog/dog.1027.jpg
nir-presto,dogs_vs_cats/dog/dog.10270.jpg,dog,1,/v3io/bigdata/dogs_vs_cats_sample/dog/dog.10270.jpg
nir-presto,dogs_vs_cats/dog/dog.10271.jpg,dog,1,/v3io/bigdata/dogs_vs_cats_sample/dog/dog.10271.jpg
nir-presto,dogs_vs_cats/dog/dog.10272.jpg,dog,1,/v3io/bigdata/dogs_vs_cats_sample/dog/dog.10272.jpg
nir-presto,dogs_vs_cats/dog/dog.10273.jpg,dog,1,/v3io/bigdata/dogs_vs_cats_sample/dog/dog.10273.jpg
nir-presto,dogs_vs_cats/dog/dog.10274.jpg,dog,1,/v3io/bigdata/dogs_vs_cats_sample/dog/dog.10274.jpg
nir-presto,dogs_vs_cats/dog/dog.10275.jpg,dog,1,/v3io/bigdata/dogs_vs_cats_sample/dog/dog.10275.jpg
nir-presto,dogs_vs_cats/dog/dog.10276.jpg,dog,1,/v3io/bigdata/dogs_vs_cats_sample/dog/dog.10276.jpg
nir-presto,dogs_vs_cats/dog/dog.10277.jpg,dog,1,/v3io/bigdata/dogs_vs_cats_sample/dog/dog.10277.jpg
nir-presto,dogs_vs_cats/dog/dog.10278.jpg,dog,1,/v3io/bigdata/dogs_vs_cats_sample/dog/dog.10278.jpg
nir-presto,dogs_vs_cats/dog/dog.10279.jpg,dog,1,/v3io/bigdata/dogs_vs_cats_sample/dog/dog.10279.jpg
nir-presto,dogs_vs_cats/dog/dog.1028.jpg,dog,1,/v3io/bigdata/dogs_vs_cats_sample/dog/dog.1028.jpg
nir-presto,dogs_vs_cats/dog/dog.10280.jpg,dog,1,/v3io/bigdata/dogs_vs_cats_sample/dog/dog.10280.jpg
nir-presto,dogs_vs_cats/dog/dog.10281.jpg,dog,1,/v3io/bigdata/dogs_vs_cats_sample/dog/dog.10281.jpg
nir-presto,dogs_vs_cats/dog/dog.10282.jpg,dog,1,/v3io/bigdata/dogs_vs_cats_sample/dog/dog.10282.jpg
nir-presto,dogs_vs_cats/dog/dog.10283.jpg,dog,1,/v3io/bigdata/dogs_vs_cats_sample/dog/dog.10283.jpg
nir-presto,dogs_vs_cats/dog/dog.10284.jpg,dog,1,/v3io/bigdata/dogs_vs_cats_sample/dog/dog.10284.jpg
nir-presto,dogs_vs_cats/dog/dog.10285.jpg,dog,1,/v3io/bigdata/dogs_vs_cats_sample/dog/dog.10285.jpg
nir-presto,dogs_vs_cats/dog/dog.10286.jpg,dog,1,/v3io/bigdata/dogs_vs_cats_sample/dog/dog.10286.jpg
nir-presto,dogs_vs_cats/dog/dog.10287.jpg,dog,1,/v3io/bigdata/dogs_vs_cats_sample/dog/dog.10287.jpg
nir-presto,dogs_vs_cats/dog/dog.10288.jpg,dog,1,/v3io/bigdata/dogs_vs_cats_sample/dog/dog.10288.jpg
nir-presto,dogs_vs_cats/dog/dog.10289.jpg,dog,1,/v3io/bigdata/dogs_vs_cats_sample/dog/dog.10289.jpg
nir-presto,dogs_vs_cats/dog/dog.1029.jpg,dog,1,/v3io/bigdata/dogs_vs_cats_sample/dog/dog.1029.jpg
nir-presto,dogs_vs_cats/dog/dog.10290.jpg,dog,1,/v3io/bigdata/dogs_vs_cats_sample/dog/dog.10290.jpg
nir-presto,dogs_vs_cats/dog/dog.10291.jpg,dog,1,/v3io/bigdata/dogs_vs_cats_sample/dog/dog.10291.jpg
nir-presto,dogs_vs_cats/dog/dog.10292.jpg,dog,1,/v3io/bigdata/dogs_vs_cats_sample/dog/dog.10292.jpg
nir-presto,dogs_vs_cats/dog/dog.10293.jpg,dog,1,/v3io/bigdata/dogs_vs_cats_sample/dog/dog.10293.jpg
nir-presto,dogs_vs_cats/dog/dog.10294.jpg,dog,1,/v3io/bigdata/dogs_vs_cats_sample/dog/dog.10294.jpg
nir-presto,dogs_vs_cats/dog/dog.10295.jpg,dog,1,/v3io/bigdata/dogs_vs_cats_sample/dog/dog.10295.jpg
nir-presto,dogs_vs_cats/dog/dog.10296.jpg,dog,1,/v3io/bigdata/dogs_vs_cats_sample/dog/dog.10296.jpg
nir-presto,dogs_vs_cats/dog/dog.10297.jpg,dog,1,/v3io/bigdata/dogs_vs_cats_sample/dog/dog.10297.jpg
nir-presto,dogs_vs_cats/dog/dog.10298.jpg,dog,1,/v3io/bigdata/dogs_vs_cats_sample/dog/dog.10298.jpg
nir-presto,dogs_vs_cats/dog/dog.10299.jpg,dog,1,/v3io/bigdata/dogs_vs_cats_sample/dog/dog.10299.jpg
nir-presto,dogs_vs_cats/dog/dog.103.jpg,dog,1,/v3io/bigdata/dogs_vs_cats_sample/dog/dog.103.jpg
nir-presto,dogs_vs_cats/dog/dog.1030.jpg,dog,1,/v3io/bigdata/dogs_vs_cats_sample/dog/dog.1030.jpg
nir-presto,dogs_vs_cats/dog/dog.10300.jpg,dog,1,/v3io/bigdata/dogs_vs_cats_sample/dog/dog.10300.jpg
nir-presto,dogs_vs_cats/dog/dog.10301.jpg,dog,1,/v3io/bigdata/dogs_vs_cats_sample/dog/dog.10301.jpg
nir-presto,dogs_vs_cats/dog/dog.10302.jpg,dog,1,/v3io/bigdata/dogs_vs_cats_sample/dog/dog.10302.jpg
nir-presto,dogs_vs_cats/dog/dog.10303.jpg,dog,1,/v3io/bigdata/dogs_vs_cats_sample/dog/dog.10303.jpg
nir-presto,dogs_vs_cats/dog/dog.10304.jpg,dog,1,/v3io/bigdata/dogs_vs_cats_sample/dog/dog.10304.jpg
nir-presto,dogs_vs_cats/dog/dog.10305.jpg,dog,1,/v3io/bigdata/dogs_vs_cats_sample/dog/dog.10305.jpg
nir-presto,dogs_vs_cats/dog/dog.10306.jpg,dog,1,/v3io/bigdata/dogs_vs_cats_sample/dog/dog.10306.jpg
nir-presto,dogs_vs_cats/dog/dog.10307.jpg,dog,1,/v3io/bigdata/dogs_vs_cats_sample/dog/dog.10307.jpg
nir-presto,dogs_vs_cats/dog/dog.10308.jpg,dog,1,/v3io/bigdata/dogs_vs_cats_sample/dog/dog.10308.jpg
nir-presto,dogs_vs_cats/dog/dog.10309.jpg,dog,1,/v3io/bigdata/dogs_vs_cats_sample/dog/dog.10309.jpg
nir-presto,dogs_vs_cats/dog/dog.1031.jpg,dog,1,/v3io/bigdata/dogs_vs_cats_sample/dog/dog.1031.jpg
nir-presto,dogs_vs_cats/dog/dog.10310.jpg,dog,1,/v3io/bigdata/dogs_vs_cats_sample/dog/dog.10310.jpg
nir-presto,dogs_vs_cats/dog/dog.10311.jpg,dog,1,/v3io/bigdata/dogs_vs_cats_sample/dog/dog.10311.jpg
nir-presto,dogs_vs_cats/dog/dog.10312.jpg,dog,1,/v3io/bigdata/dogs_vs_cats_sample/dog/dog.10312.jpg
nir-presto,dogs_vs_cats/dog/dog.10313.jpg,dog,1,/v3io/bigdata/dogs_vs_cats_sample/dog/dog.10313.jpg
nir-presto,dogs_vs_cats/dog/dog.10314.jpg,dog,1,/v3io/bigdata/dogs_vs_cats_sample/dog/dog.10314.jpg
nir-presto,dogs_vs_cats/dog/dog.10315.jpg,dog,1,/v3io/bigdata/dogs_vs_cats_sample/dog/dog.10315.jpg
nir-presto,dogs_vs_cats/dog/dog.10316.jpg,dog,1,/v3io/bigdata/dogs_vs_cats_sample/dog/dog.10316.jpg
nir-presto,dogs_vs_cats/dog/dog.10317.jpg,dog,1,/v3io/bigdata/dogs_vs_cats_sample/dog/dog.10317.jpg
nir-presto,dogs_vs_cats/dog/dog.10318.jpg,dog,1,/v3io/bigdata/dogs_vs_cats_sample/dog/dog.10318.jpg
nir-presto,dogs_vs_cats/dog/dog.10319.jpg,dog,1,/v3io/bigdata/dogs_vs_cats_sample/dog/dog.10319.jpg
nir-presto,dogs_vs_cats/dog/dog.1032.jpg,dog,1,/v3io/bigdata/dogs_vs_cats_sample/dog/dog.1032.jpg
nir-presto,dogs_vs_cats/dog/dog.10320.jpg,dog,1,/v3io/bigdata/dogs_vs_cats_sample/dog/dog.10320.jpg
nir-presto,dogs_vs_cats/dog/dog.10321.jpg,dog,1,/v3io/bigdata/dogs_vs_cats_sample/dog/dog.10321.jpg
nir-presto,dogs_vs_cats/dog/dog.10322.jpg,dog,1,/v3io/bigdata/dogs_vs_cats_sample/dog/dog.10322.jpg
nir-presto,dogs_vs_cats/dog/dog.10323.jpg,dog,1,/v3io/bigdata/dogs_vs_cats_sample/dog/dog.10323.jpg
nir-presto,dogs_vs_cats/dog/dog.10324.jpg,dog,1,/v3io/bigdata/dogs_vs_cats_sample/dog/dog.10324.jpg
nir-presto,dogs_vs_cats/dog/dog.10325.jpg,dog,1,/v3io/bigdata/dogs_vs_cats_sample/dog/dog.10325.jpg
nir-presto,dogs_vs_cats/dog/dog.10326.jpg,dog,1,/v3io/bigdata/dogs_vs_cats_sample/dog/dog.10326.jpg
nir-presto,dogs_vs_cats/dog/dog.10327.jpg,dog,1,/v3io/bigdata/dogs_vs_cats_sample/dog/dog.10327.jpg
nir-presto,dogs_vs_cats/dog/dog.10328.jpg,dog,1,/v3io/bigdata/dogs_vs_cats_sample/dog/dog.10328.jpg
nir-presto,dogs_vs_cats/dog/dog.10329.jpg,dog,1,/v3io/bigdata/dogs_vs_cats_sample/dog/dog.10329.jpg
nir-presto,dogs_vs_cats/dog/dog.1033.jpg,dog,1,/v3io/bigdata/dogs_vs_cats_sample/dog/dog.1033.jpg
nir-presto,dogs_vs_cats/dog/dog.10330.jpg,dog,1,/v3io/bigdata/dogs_vs_cats_sample/dog/dog.10330.jpg
nir-presto,dogs_vs_cats/dog/dog.10331.jpg,dog,1,/v3io/bigdata/dogs_vs_cats_sample/dog/dog.10331.jpg
nir-presto,dogs_vs_cats/dog/dog.10332.jpg,dog,1,/v3io/bigdata/dogs_vs_cats_sample/dog/dog.10332.jpg
nir-presto,dogs_vs_cats/dog/dog.10333.jpg,dog,1,/v3io/bigdata/dogs_vs_cats_sample/dog/dog.10333.jpg
nir-presto,dogs_vs_cats/dog/dog.10334.jpg,dog,1,/v3io/bigdata/dogs_vs_cats_sample/dog/dog.10334.jpg
nir-presto,dogs_vs_cats/dog/dog.10335.jpg,dog,1,/v3io/bigdata/dogs_vs_cats_sample/dog/dog.10335.jpg
nir-presto,dogs_vs_cats/dog/dog.10336.jpg,dog,1,/v3io/bigdata/dogs_vs_cats_sample/dog/dog.10336.jpg
nir-presto,dogs_vs_cats/dog/dog.10337.jpg,dog,1,/v3io/bigdata/dogs_vs_cats_sample/dog/dog.10337.jpg
nir-presto,dogs_vs_cats/dog/dog.10338.jpg,dog,1,/v3io/bigdata/dogs_vs_cats_sample/dog/dog.10338.jpg
nir-presto,dogs_vs_cats/dog/dog.10339.jpg,dog,1,/v3io/bigdata/dogs_vs_cats_sample/dog/dog.10339.jpg
nir-presto,dogs_vs_cats/dog/dog.1034.jpg,dog,1,/v3io/bigdata/dogs_vs_cats_sample/dog/dog.1034.jpg
nir-presto,dogs_vs_cats/dog/dog.10340.jpg,dog,1,/v3io/bigdata/dogs_vs_cats_sample/dog/dog.10340.jpg
nir-presto,dogs_vs_cats/dog/dog.10341.jpg,dog,1,/v3io/bigdata/dogs_vs_cats_sample/dog/dog.10341.jpg
nir-presto,dogs_vs_cats/dog/dog.10342.jpg,dog,1,/v3io/bigdata/dogs_vs_cats_sample/dog/dog.10342.jpg
nir-presto,dogs_vs_cats/dog/dog.10343.jpg,dog,1,/v3io/bigdata/dogs_vs_cats_sample/dog/dog.10343.jpg
nir-presto,dogs_vs_cats/dog/dog.10344.jpg,dog,1,/v3io/bigdata/dogs_vs_cats_sample/dog/dog.10344.jpg
nir-presto,dogs_vs_cats/dog/dog.10345.jpg,dog,1,/v3io/bigdata/dogs_vs_cats_sample/dog/dog.10345.jpg
nir-presto,dogs_vs_cats/dog/dog.10346.jpg,dog,1,/v3io/bigdata/dogs_vs_cats_sample/dog/dog.10346.jpg
nir-presto,dogs_vs_cats/dog/dog.10347.jpg,dog,1,/v3io/bigdata/dogs_vs_cats_sample/dog/dog.10347.jpg
nir-presto,dogs_vs_cats/dog/dog.10348.jpg,dog,1,/v3io/bigdata/dogs_vs_cats_sample/dog/dog.10348.jpg
nir-presto,dogs_vs_cats/dog/dog.10349.jpg,dog,1,/v3io/bigdata/dogs_vs_cats_sample/dog/dog.10349.jpg
nir-presto,dogs_vs_cats/dog/dog.1035.jpg,dog,1,/v3io/bigdata/dogs_vs_cats_sample/dog/dog.1035.jpg
nir-presto,dogs_vs_cats/dog/dog.10350.jpg,dog,1,/v3io/bigdata/dogs_vs_cats_sample/dog/dog.10350.jpg
nir-presto,dogs_vs_cats/dog/dog.10351.jpg,dog,1,/v3io/bigdata/dogs_vs_cats_sample/dog/dog.10351.jpg
nir-presto,dogs_vs_cats/dog/dog.10352.jpg,dog,1,/v3io/bigdata/dogs_vs_cats_sample/dog/dog.10352.jpg
nir-presto,dogs_vs_cats/dog/dog.10353.jpg,dog,1,/v3io/bigdata/dogs_vs_cats_sample/dog/dog.10353.jpg
nir-presto,dogs_vs_cats/dog/dog.10354.jpg,dog,1,/v3io/bigdata/dogs_vs_cats_sample/dog/dog.10354.jpg
nir-presto,dogs_vs_cats/dog/dog.10355.jpg,dog,1,/v3io/bigdata/dogs_vs_cats_sample/dog/dog.10355.jpg
nir-presto,dogs_vs_cats/dog/dog.10356.jpg,dog,1,/v3io/bigdata/dogs_vs_cats_sample/dog/dog.10356.jpg
nir-presto,dogs_vs_cats/dog/dog.10357.jpg,dog,1,/v3io/bigdata/dogs_vs_cats_sample/dog/dog.10357.jpg
nir-presto,dogs_vs_cats/dog/dog.10358.jpg,dog,1,/v3io/bigdata/dogs_vs_cats_sample/dog/dog.10358.jpg
nir-presto,dogs_vs_cats/dog/dog.10359.jpg,dog,1,/v3io/bigdata/dogs_vs_cats_sample/dog/dog.10359.jpg
nir-presto,dogs_vs_cats/dog/dog.1036.jpg,dog,1,/v3io/bigdata/dogs_vs_cats_sample/dog/dog.1036.jpg
nir-presto,dogs_vs_cats/dog/dog.10360.jpg,dog,1,/v3io/bigdata/dogs_vs_cats_sample/dog/dog.10360.jpg
nir-presto,dogs_vs_cats/dog/dog.10361.jpg,dog,1,/v3io/bigdata/dogs_vs_cats_sample/dog/dog.10361.jpg
nir-presto,dogs_vs_cats/dog/dog.10362.jpg,dog,1,/v3io/bigdata/dogs_vs_cats_sample/dog/dog.10362.jpg
nir-presto,dogs_vs_cats/dog/dog.10363.jpg,dog,1,/v3io/bigdata/dogs_vs_cats_sample/dog/dog.10363.jpg
nir-presto,dogs_vs_cats/dog/dog.10364.jpg,dog,1,/v3io/bigdata/dogs_vs_cats_sample/dog/dog.10364.jpg
nir-presto,dogs_vs_cats/dog/dog.10365.jpg,dog,1,/v3io/bigdata/dogs_vs_cats_sample/dog/dog.10365.jpg
nir-presto,dogs_vs_cats/dog/dog.10366.jpg,dog,1,/v3io/bigdata/dogs_vs_cats_sample/dog/dog.10366.jpg
nir-presto,dogs_vs_cats/dog/dog.10367.jpg,dog,1,/v3io/bigdata/dogs_vs_cats_sample/dog/dog.10367.jpg
nir-presto,dogs_vs_cats/dog/dog.10368.jpg,dog,1,/v3io/bigdata/dogs_vs_cats_sample/dog/dog.10368.jpg
nir-presto,dogs_vs_cats/dog/dog.10369.jpg,dog,1,/v3io/bigdata/dogs_vs_cats_sample/dog/dog.10369.jpg
nir-presto,dogs_vs_cats/dog/dog.1037.jpg,dog,1,/v3io/bigdata/dogs_vs_cats_sample/dog/dog.1037.jpg
nir-presto,dogs_vs_cats/dog/dog.10370.jpg,dog,1,/v3io/bigdata/dogs_vs_cats_sample/dog/dog.10370.jpg
nir-presto,dogs_vs_cats/dog/dog.10371.jpg,dog,1,/v3io/bigdata/dogs_vs_cats_sample/dog/dog.10371.jpg
nir-presto,dogs_vs_cats/dog/dog.10372.jpg,dog,1,/v3io/bigdata/dogs_vs_cats_sample/dog/dog.10372.jpg
nir-presto,dogs_vs_cats/dog/dog.10373.jpg,dog,1,/v3io/bigdata/dogs_vs_cats_sample/dog/dog.10373.jpg
nir-presto,dogs_vs_cats/dog/dog.10374.jpg,dog,1,/v3io/bigdata/dogs_vs_cats_sample/dog/dog.10374.jpg
nir-presto,dogs_vs_cats/dog/dog.10375.jpg,dog,1,/v3io/bigdata/dogs_vs_cats_sample/dog/dog.10375.jpg
nir-presto,dogs_vs_cats/dog/dog.10376.jpg,dog,1,/v3io/bigdata/dogs_vs_cats_sample/dog/dog.10376.jpg
nir-presto,dogs_vs_cats/dog/dog.10377.jpg,dog,1,/v3io/bigdata/dogs_vs_cats_sample/dog/dog.10377.jpg
nir-presto,dogs_vs_cats/dog/dog.10378.jpg,dog,1,/v3io/bigdata/dogs_vs_cats_sample/dog/dog.10378.jpg
nir-presto,dogs_vs_cats/dog/dog.10379.jpg,dog,1,/v3io/bigdata/dogs_vs_cats_sample/dog/dog.10379.jpg
nir-presto,dogs_vs_cats/dog/dog.1038.jpg,dog,1,/v3io/bigdata/dogs_vs_cats_sample/dog/dog.1038.jpg
nir-presto,dogs_vs_cats/dog/dog.10380.jpg,dog,1,/v3io/bigdata/dogs_vs_cats_sample/dog/dog.10380.jpg
nir-presto,dogs_vs_cats/dog/dog.10381.jpg,dog,1,/v3io/bigdata/dogs_vs_cats_sample/dog/dog.10381.jpg
nir-presto,dogs_vs_cats/dog/dog.10382.jpg,dog,1,/v3io/bigdata/dogs_vs_cats_sample/dog/dog.10382.jpg
nir-presto,dogs_vs_cats/dog/dog.10383.jpg,dog,1,/v3io/bigdata/dogs_vs_cats_sample/dog/dog.10383.jpg
nir-presto,dogs_vs_cats/dog/dog.10384.jpg,dog,1,/v3io/bigdata/dogs_vs_cats_sample/dog/dog.10384.jpg
nir-presto,dogs_vs_cats/dog/dog.10385.jpg,dog,1,/v3io/bigdata/dogs_vs_cats_sample/dog/dog.10385.jpg
nir-presto,dogs_vs_cats/dog/dog.10386.jpg,dog,1,/v3io/bigdata/dogs_vs_cats_sample/dog/dog.10386.jpg
nir-presto,dogs_vs_cats/dog/dog.10387.jpg,dog,1,/v3io/bigdata/dogs_vs_cats_sample/dog/dog.10387.jpg
nir-presto,dogs_vs_cats/dog/dog.10388.jpg,dog,1,/v3io/bigdata/dogs_vs_cats_sample/dog/dog.10388.jpg
nir-presto,dogs_vs_cats/dog/dog.10389.jpg,dog,1,/v3io/bigdata/dogs_vs_cats_sample/dog/dog.10389.jpg
nir-presto,dogs_vs_cats/dog/dog.1039.jpg,dog,1,/v3io/bigdata/dogs_vs_cats_sample/dog/dog.1039.jpg
nir-presto,dogs_vs_cats/dog/dog.10390.jpg,dog,1,/v3io/bigdata/dogs_vs_cats_sample/dog/dog.10390.jpg
nir-presto,dogs_vs_cats/dog/dog.10391.jpg,dog,1,/v3io/bigdata/dogs_vs_cats_sample/dog/dog.10391.jpg
nir-presto,dogs_vs_cats/dog/dog.10392.jpg,dog,1,/v3io/bigdata/dogs_vs_cats_sample/dog/dog.10392.jpg
nir-presto,dogs_vs_cats/dog/dog.10393.jpg,dog,1,/v3io/bigdata/dogs_vs_cats_sample/dog/dog.10393.jpg
nir-presto,dogs_vs_cats/dog/dog.10394.jpg,dog,1,/v3io/bigdata/dogs_vs_cats_sample/dog/dog.10394.jpg
nir-presto,dogs_vs_cats/dog/dog.10395.jpg,dog,1,/v3io/bigdata/dogs_vs_cats_sample/dog/dog.10395.jpg
nir-presto,dogs_vs_cats/dog/dog.10396.jpg,dog,1,/v3io/bigdata/dogs_vs_cats_sample/dog/dog.10396.jpg
nir-presto,dogs_vs_cats/dog/dog.10397.jpg,dog,1,/v3io/bigdata/dogs_vs_cats_sample/dog/dog.10397.jpg
nir-presto,dogs_vs_cats/dog/dog.10398.jpg,dog,1,/v3io/bigdata/dogs_vs_cats_sample/dog/dog.10398.jpg
nir-presto,dogs_vs_cats/dog/dog.10399.jpg,dog,1,/v3io/bigdata/dogs_vs_cats_sample/dog/dog.10399.jpg
nir-presto,dogs_vs_cats/dog/dog.104.jpg,dog,1,/v3io/bigdata/dogs_vs_cats_sample/dog/dog.104.jpg
nir-presto,dogs_vs_cats/dog/dog.1040.jpg,dog,1,/v3io/bigdata/dogs_vs_cats_sample/dog/dog.1040.jpg
nir-presto,dogs_vs_cats/dog/dog.10400.jpg,dog,1,/v3io/bigdata/dogs_vs_cats_sample/dog/dog.10400.jpg
nir-presto,dogs_vs_cats/dog/dog.10401.jpg,dog,1,/v3io/bigdata/dogs_vs_cats_sample/dog/dog.10401.jpg
nir-presto,dogs_vs_cats/dog/dog.10402.jpg,dog,1,/v3io/bigdata/dogs_vs_cats_sample/dog/dog.10402.jpg
nir-presto,dogs_vs_cats/dog/dog.10403.jpg,dog,1,/v3io/bigdata/dogs_vs_cats_sample/dog/dog.10403.jpg
nir-presto,dogs_vs_cats/dog/dog.10404.jpg,dog,1,/v3io/bigdata/dogs_vs_cats_sample/dog/dog.10404.jpg
nir-presto,dogs_vs_cats/dog/dog.10405.jpg,dog,1,/v3io/bigdata/dogs_vs_cats_sample/dog/dog.10405.jpg
nir-presto,dogs_vs_cats/dog/dog.10406.jpg,dog,1,/v3io/bigdata/dogs_vs_cats_sample/dog/dog.10406.jpg
nir-presto,dogs_vs_cats/dog/dog.10407.jpg,dog,1,/v3io/bigdata/dogs_vs_cats_sample/dog/dog.10407.jpg
nir-presto,dogs_vs_cats/dog/dog.10408.jpg,dog,1,/v3io/bigdata/dogs_vs_cats_sample/dog/dog.10408.jpg
nir-presto,dogs_vs_cats/dog/dog.10409.jpg,dog,1,/v3io/bigdata/dogs_vs_cats_sample/dog/dog.10409.jpg
nir-presto,dogs_vs_cats/dog/dog.1041.jpg,dog,1,/v3io/bigdata/dogs_vs_cats_sample/dog/dog.1041.jpg
nir-presto,dogs_vs_cats/dog/dog.10410.jpg,dog,1,/v3io/bigdata/dogs_vs_cats_sample/dog/dog.10410.jpg
nir-presto,dogs_vs_cats/dog/dog.10411.jpg,dog,1,/v3io/bigdata/dogs_vs_cats_sample/dog/dog.10411.jpg
nir-presto,dogs_vs_cats/dog/dog.10412.jpg,dog,1,/v3io/bigdata/dogs_vs_cats_sample/dog/dog.10412.jpg
nir-presto,dogs_vs_cats/dog/dog.10413.jpg,dog,1,/v3io/bigdata/dogs_vs_cats_sample/dog/dog.10413.jpg
nir-presto,dogs_vs_cats/dog/dog.10414.jpg,dog,1,/v3io/bigdata/dogs_vs_cats_sample/dog/dog.10414.jpg
nir-presto,dogs_vs_cats/dog/dog.10415.jpg,dog,1,/v3io/bigdata/dogs_vs_cats_sample/dog/dog.10415.jpg
nir-presto,dogs_vs_cats/dog/dog.10416.jpg,dog,1,/v3io/bigdata/dogs_vs_cats_sample/dog/dog.10416.jpg
nir-presto,dogs_vs_cats/dog/dog.10417.jpg,dog,1,/v3io/bigdata/dogs_vs_cats_sample/dog/dog.10417.jpg
nir-presto,dogs_vs_cats/dog/dog.10418.jpg,dog,1,/v3io/bigdata/dogs_vs_cats_sample/dog/dog.10418.jpg
nir-presto,dogs_vs_cats/dog/dog.10419.jpg,dog,1,/v3io/bigdata/dogs_vs_cats_sample/dog/dog.10419.jpg
nir-presto,dogs_vs_cats/dog/dog.1042.jpg,dog,1,/v3io/bigdata/dogs_vs_cats_sample/dog/dog.1042.jpg
nir-presto,dogs_vs_cats/dog/dog.10420.jpg,dog,1,/v3io/bigdata/dogs_vs_cats_sample/dog/dog.10420.jpg
nir-presto,dogs_vs_cats/dog/dog.10421.jpg,dog,1,/v3io/bigdata/dogs_vs_cats_sample/dog/dog.10421.jpg
nir-presto,dogs_vs_cats/dog/dog.10422.jpg,dog,1,/v3io/bigdata/dogs_vs_cats_sample/dog/dog.10422.jpg
nir-presto,dogs_vs_cats/dog/dog.10423.jpg,dog,1,/v3io/bigdata/dogs_vs_cats_sample/dog/dog.10423.jpg
nir-presto,dogs_vs_cats/dog/dog.10424.jpg,dog,1,/v3io/bigdata/dogs_vs_cats_sample/dog/dog.10424.jpg
nir-presto,dogs_vs_cats/dog/dog.10425.jpg,dog,1,/v3io/bigdata/dogs_vs_cats_sample/dog/dog.10425.jpg
nir-presto,dogs_vs_cats/dog/dog.10426.jpg,dog,1,/v3io/bigdata/dogs_vs_cats_sample/dog/dog.10426.jpg
nir-presto,dogs_vs_cats/dog/dog.10427.jpg,dog,1,/v3io/bigdata/dogs_vs_cats_sample/dog/dog.10427.jpg
nir-presto,dogs_vs_cats/dog/dog.10428.jpg,dog,1,/v3io/bigdata/dogs_vs_cats_sample/dog/dog.10428.jpg
nir-presto,dogs_vs_cats/dog/dog.10429.jpg,dog,1,/v3io/bigdata/dogs_vs_cats_sample/dog/dog.10429.jpg
nir-presto,dogs_vs_cats/dog/dog.1043.jpg,dog,1,/v3io/bigdata/dogs_vs_cats_sample/dog/dog.1043.jpg
nir-presto,dogs_vs_cats/dog/dog.10430.jpg,dog,1,/v3io/bigdata/dogs_vs_cats_sample/dog/dog.10430.jpg
nir-presto,dogs_vs_cats/dog/dog.10431.jpg,dog,1,/v3io/bigdata/dogs_vs_cats_sample/dog/dog.10431.jpg
nir-presto,dogs_vs_cats/dog/dog.10432.jpg,dog,1,/v3io/bigdata/dogs_vs_cats_sample/dog/dog.10432.jpg
nir-presto,dogs_vs_cats/dog/dog.10433.jpg,dog,1,/v3io/bigdata/dogs_vs_cats_sample/dog/dog.10433.jpg
nir-presto,dogs_vs_cats/dog/dog.10434.jpg,dog,1,/v3io/bigdata/dogs_vs_cats_sample/dog/dog.10434.jpg
nir-presto,dogs_vs_cats/dog/dog.10435.jpg,dog,1,/v3io/bigdata/dogs_vs_cats_sample/dog/dog.10435.jpg
nir-presto,dogs_vs_cats/dog/dog.10436.jpg,dog,1,/v3io/bigdata/dogs_vs_cats_sample/dog/dog.10436.jpg
nir-presto,dogs_vs_cats/dog/dog.10437.jpg,dog,1,/v3io/bigdata/dogs_vs_cats_sample/dog/dog.10437.jpg
nir-presto,dogs_vs_cats/dog/dog.10438.jpg,dog,1,/v3io/bigdata/dogs_vs_cats_sample/dog/dog.10438.jpg
nir-presto,dogs_vs_cats/dog/dog.10439.jpg,dog,1,/v3io/bigdata/dogs_vs_cats_sample/dog/dog.10439.jpg
nir-presto,dogs_vs_cats/dog/dog.1044.jpg,dog,1,/v3io/bigdata/dogs_vs_cats_sample/dog/dog.1044.jpg
nir-presto,dogs_vs_cats/dog/dog.10440.jpg,dog,1,/v3io/bigdata/dogs_vs_cats_sample/dog/dog.10440.jpg
nir-presto,dogs_vs_cats/dog/dog.10441.jpg,dog,1,/v3io/bigdata/dogs_vs_cats_sample/dog/dog.10441.jpg
nir-presto,dogs_vs_cats/dog/dog.10442.jpg,dog,1,/v3io/bigdata/dogs_vs_cats_sample/dog/dog.10442.jpg
nir-presto,dogs_vs_cats/dog/dog.10443.jpg,dog,1,/v3io/bigdata/dogs_vs_cats_sample/dog/dog.10443.jpg
nir-presto,dogs_vs_cats/dog/dog.10444.jpg,dog,1,/v3io/bigdata/dogs_vs_cats_sample/dog/dog.10444.jpg
nir-presto,dogs_vs_cats/dog/dog.10445.jpg,dog,1,/v3io/bigdata/dogs_vs_cats_sample/dog/dog.10445.jpg
nir-presto,dogs_vs_cats/dog/dog.10446.jpg,dog,1,/v3io/bigdata/dogs_vs_cats_sample/dog/dog.10446.jpg
nir-presto,dogs_vs_cats/cat/cat.0.jpg,cat,0,/v3io/bigdata/dogs_vs_cats_sample/cat/cat.0.jpg
nir-presto,dogs_vs_cats/cat/cat.1.jpg,cat,0,/v3io/bigdata/dogs_vs_cats_sample/cat/cat.1.jpg
nir-presto,dogs_vs_cats/cat/cat.10.jpg,cat,0,/v3io/bigdata/dogs_vs_cats_sample/cat/cat.10.jpg
nir-presto,dogs_vs_cats/cat/cat.100.jpg,cat,0,/v3io/bigdata/dogs_vs_cats_sample/cat/cat.100.jpg
nir-presto,dogs_vs_cats/cat/cat.1000.jpg,cat,0,/v3io/bigdata/dogs_vs_cats_sample/cat/cat.1000.jpg
nir-presto,dogs_vs_cats/cat/cat.10000.jpg,cat,0,/v3io/bigdata/dogs_vs_cats_sample/cat/cat.10000.jpg
nir-presto,dogs_vs_cats/cat/cat.10001.jpg,cat,0,/v3io/bigdata/dogs_vs_cats_sample/cat/cat.10001.jpg
nir-presto,dogs_vs_cats/cat/cat.10002.jpg,cat,0,/v3io/bigdata/dogs_vs_cats_sample/cat/cat.10002.jpg
nir-presto,dogs_vs_cats/cat/cat.10003.jpg,cat,0,/v3io/bigdata/dogs_vs_cats_sample/cat/cat.10003.jpg
nir-presto,dogs_vs_cats/cat/cat.10004.jpg,cat,0,/v3io/bigdata/dogs_vs_cats_sample/cat/cat.10004.jpg
nir-presto,dogs_vs_cats/cat/cat.10005.jpg,cat,0,/v3io/bigdata/dogs_vs_cats_sample/cat/cat.10005.jpg
nir-presto,dogs_vs_cats/cat/cat.10006.jpg,cat,0,/v3io/bigdata/dogs_vs_cats_sample/cat/cat.10006.jpg
nir-presto,dogs_vs_cats/cat/cat.10007.jpg,cat,0,/v3io/bigdata/dogs_vs_cats_sample/cat/cat.10007.jpg
nir-presto,dogs_vs_cats/cat/cat.10008.jpg,cat,0,/v3io/bigdata/dogs_vs_cats_sample/cat/cat.10008.jpg
nir-presto,dogs_vs_cats/cat/cat.10009.jpg,cat,0,/v3io/bigdata/dogs_vs_cats_sample/cat/cat.10009.jpg
nir-presto,dogs_vs_cats/cat/cat.1001.jpg,cat,0,/v3io/bigdata/dogs_vs_cats_sample/cat/cat.1001.jpg
nir-presto,dogs_vs_cats/cat/cat.10010.jpg,cat,0,/v3io/bigdata/dogs_vs_cats_sample/cat/cat.10010.jpg
nir-presto,dogs_vs_cats/cat/cat.10011.jpg,cat,0,/v3io/bigdata/dogs_vs_cats_sample/cat/cat.10011.jpg
nir-presto,dogs_vs_cats/cat/cat.10012.jpg,cat,0,/v3io/bigdata/dogs_vs_cats_sample/cat/cat.10012.jpg
nir-presto,dogs_vs_cats/cat/cat.10013.jpg,cat,0,/v3io/bigdata/dogs_vs_cats_sample/cat/cat.10013.jpg
nir-presto,dogs_vs_cats/cat/cat.10014.jpg,cat,0,/v3io/bigdata/dogs_vs_cats_sample/cat/cat.10014.jpg
nir-presto,dogs_vs_cats/cat/cat.10015.jpg,cat,0,/v3io/bigdata/dogs_vs_cats_sample/cat/cat.10015.jpg
nir-presto,dogs_vs_cats/cat/cat.10016.jpg,cat,0,/v3io/bigdata/dogs_vs_cats_sample/cat/cat.10016.jpg
nir-presto,dogs_vs_cats/cat/cat.10017.jpg,cat,0,/v3io/bigdata/dogs_vs_cats_sample/cat/cat.10017.jpg
nir-presto,dogs_vs_cats/cat/cat.10018.jpg,cat,0,/v3io/bigdata/dogs_vs_cats_sample/cat/cat.10018.jpg
nir-presto,dogs_vs_cats/cat/cat.10019.jpg,cat,0,/v3io/bigdata/dogs_vs_cats_sample/cat/cat.10019.jpg
nir-presto,dogs_vs_cats/cat/cat.1002.jpg,cat,0,/v3io/bigdata/dogs_vs_cats_sample/cat/cat.1002.jpg
nir-presto,dogs_vs_cats/cat/cat.10020.jpg,cat,0,/v3io/bigdata/dogs_vs_cats_sample/cat/cat.10020.jpg
nir-presto,dogs_vs_cats/cat/cat.10021.jpg,cat,0,/v3io/bigdata/dogs_vs_cats_sample/cat/cat.10021.jpg
nir-presto,dogs_vs_cats/cat/cat.10022.jpg,cat,0,/v3io/bigdata/dogs_vs_cats_sample/cat/cat.10022.jpg
nir-presto,dogs_vs_cats/cat/cat.10023.jpg,cat,0,/v3io/bigdata/dogs_vs_cats_sample/cat/cat.10023.jpg
nir-presto,dogs_vs_cats/cat/cat.10024.jpg,cat,0,/v3io/bigdata/dogs_vs_cats_sample/cat/cat.10024.jpg
nir-presto,dogs_vs_cats/cat/cat.10025.jpg,cat,0,/v3io/bigdata/dogs_vs_cats_sample/cat/cat.10025.jpg
nir-presto,dogs_vs_cats/cat/cat.10026.jpg,cat,0,/v3io/bigdata/dogs_vs_cats_sample/cat/cat.10026.jpg
nir-presto,dogs_vs_cats/cat/cat.10027.jpg,cat,0,/v3io/bigdata/dogs_vs_cats_sample/cat/cat.10027.jpg
nir-presto,dogs_vs_cats/cat/cat.10028.jpg,cat,0,/v3io/bigdata/dogs_vs_cats_sample/cat/cat.10028.jpg
nir-presto,dogs_vs_cats/cat/cat.10029.jpg,cat,0,/v3io/bigdata/dogs_vs_cats_sample/cat/cat.10029.jpg
nir-presto,dogs_vs_cats/cat/cat.1003.jpg,cat,0,/v3io/bigdata/dogs_vs_cats_sample/cat/cat.1003.jpg
nir-presto,dogs_vs_cats/cat/cat.10030.jpg,cat,0,/v3io/bigdata/dogs_vs_cats_sample/cat/cat.10030.jpg
nir-presto,dogs_vs_cats/cat/cat.10031.jpg,cat,0,/v3io/bigdata/dogs_vs_cats_sample/cat/cat.10031.jpg
nir-presto,dogs_vs_cats/cat/cat.10032.jpg,cat,0,/v3io/bigdata/dogs_vs_cats_sample/cat/cat.10032.jpg
nir-presto,dogs_vs_cats/cat/cat.10033.jpg,cat,0,/v3io/bigdata/dogs_vs_cats_sample/cat/cat.10033.jpg
nir-presto,dogs_vs_cats/cat/cat.10034.jpg,cat,0,/v3io/bigdata/dogs_vs_cats_sample/cat/cat.10034.jpg
nir-presto,dogs_vs_cats/cat/cat.10035.jpg,cat,0,/v3io/bigdata/dogs_vs_cats_sample/cat/cat.10035.jpg
nir-presto,dogs_vs_cats/cat/cat.10036.jpg,cat,0,/v3io/bigdata/dogs_vs_cats_sample/cat/cat.10036.jpg
nir-presto,dogs_vs_cats/cat/cat.10037.jpg,cat,0,/v3io/bigdata/dogs_vs_cats_sample/cat/cat.10037.jpg
nir-presto,dogs_vs_cats/cat/cat.10038.jpg,cat,0,/v3io/bigdata/dogs_vs_cats_sample/cat/cat.10038.jpg
nir-presto,dogs_vs_cats/cat/cat.10039.jpg,cat,0,/v3io/bigdata/dogs_vs_cats_sample/cat/cat.10039.jpg
nir-presto,dogs_vs_cats/cat/cat.1004.jpg,cat,0,/v3io/bigdata/dogs_vs_cats_sample/cat/cat.1004.jpg
nir-presto,dogs_vs_cats/cat/cat.10040.jpg,cat,0,/v3io/bigdata/dogs_vs_cats_sample/cat/cat.10040.jpg
nir-presto,dogs_vs_cats/cat/cat.10041.jpg,cat,0,/v3io/bigdata/dogs_vs_cats_sample/cat/cat.10041.jpg
nir-presto,dogs_vs_cats/cat/cat.10042.jpg,cat,0,/v3io/bigdata/dogs_vs_cats_sample/cat/cat.10042.jpg
nir-presto,dogs_vs_cats/cat/cat.10043.jpg,cat,0,/v3io/bigdata/dogs_vs_cats_sample/cat/cat.10043.jpg
nir-presto,dogs_vs_cats/cat/cat.10044.jpg,cat,0,/v3io/bigdata/dogs_vs_cats_sample/cat/cat.10044.jpg
nir-presto,dogs_vs_cats/cat/cat.10045.jpg,cat,0,/v3io/bigdata/dogs_vs_cats_sample/cat/cat.10045.jpg
nir-presto,dogs_vs_cats/cat/cat.10046.jpg,cat,0,/v3io/bigdata/dogs_vs_cats_sample/cat/cat.10046.jpg
nir-presto,dogs_vs_cats/cat/cat.10047.jpg,cat,0,/v3io/bigdata/dogs_vs_cats_sample/cat/cat.10047.jpg
nir-presto,dogs_vs_cats/cat/cat.10048.jpg,cat,0,/v3io/bigdata/dogs_vs_cats_sample/cat/cat.10048.jpg
nir-presto,dogs_vs_cats/cat/cat.10049.jpg,cat,0,/v3io/bigdata/dogs_vs_cats_sample/cat/cat.10049.jpg
nir-presto,dogs_vs_cats/cat/cat.1005.jpg,cat,0,/v3io/bigdata/dogs_vs_cats_sample/cat/cat.1005.jpg
nir-presto,dogs_vs_cats/cat/cat.10050.jpg,cat,0,/v3io/bigdata/dogs_vs_cats_sample/cat/cat.10050.jpg
nir-presto,dogs_vs_cats/cat/cat.10051.jpg,cat,0,/v3io/bigdata/dogs_vs_cats_sample/cat/cat.10051.jpg
nir-presto,dogs_vs_cats/cat/cat.10052.jpg,cat,0,/v3io/bigdata/dogs_vs_cats_sample/cat/cat.10052.jpg
nir-presto,dogs_vs_cats/cat/cat.10053.jpg,cat,0,/v3io/bigdata/dogs_vs_cats_sample/cat/cat.10053.jpg
nir-presto,dogs_vs_cats/cat/cat.10054.jpg,cat,0,/v3io/bigdata/dogs_vs_cats_sample/cat/cat.10054.jpg
nir-presto,dogs_vs_cats/cat/cat.10055.jpg,cat,0,/v3io/bigdata/dogs_vs_cats_sample/cat/cat.10055.jpg
nir-presto,dogs_vs_cats/cat/cat.10056.jpg,cat,0,/v3io/bigdata/dogs_vs_cats_sample/cat/cat.10056.jpg
nir-presto,dogs_vs_cats/cat/cat.10057.jpg,cat,0,/v3io/bigdata/dogs_vs_cats_sample/cat/cat.10057.jpg
nir-presto,dogs_vs_cats/cat/cat.10058.jpg,cat,0,/v3io/bigdata/dogs_vs_cats_sample/cat/cat.10058.jpg
nir-presto,dogs_vs_cats/cat/cat.10059.jpg,cat,0,/v3io/bigdata/dogs_vs_cats_sample/cat/cat.10059.jpg
nir-presto,dogs_vs_cats/cat/cat.1006.jpg,cat,0,/v3io/bigdata/dogs_vs_cats_sample/cat/cat.1006.jpg
nir-presto,dogs_vs_cats/cat/cat.10060.jpg,cat,0,/v3io/bigdata/dogs_vs_cats_sample/cat/cat.10060.jpg
nir-presto,dogs_vs_cats/cat/cat.10061.jpg,cat,0,/v3io/bigdata/dogs_vs_cats_sample/cat/cat.10061.jpg
nir-presto,dogs_vs_cats/cat/cat.10062.jpg,cat,0,/v3io/bigdata/dogs_vs_cats_sample/cat/cat.10062.jpg
nir-presto,dogs_vs_cats/cat/cat.10063.jpg,cat,0,/v3io/bigdata/dogs_vs_cats_sample/cat/cat.10063.jpg
nir-presto,dogs_vs_cats/cat/cat.10064.jpg,cat,0,/v3io/bigdata/dogs_vs_cats_sample/cat/cat.10064.jpg
nir-presto,dogs_vs_cats/cat/cat.10065.jpg,cat,0,/v3io/bigdata/dogs_vs_cats_sample/cat/cat.10065.jpg
nir-presto,dogs_vs_cats/cat/cat.10066.jpg,cat,0,/v3io/bigdata/dogs_vs_cats_sample/cat/cat.10066.jpg
nir-presto,dogs_vs_cats/cat/cat.10067.jpg,cat,0,/v3io/bigdata/dogs_vs_cats_sample/cat/cat.10067.jpg
nir-presto,dogs_vs_cats/cat/cat.10068.jpg,cat,0,/v3io/bigdata/dogs_vs_cats_sample/cat/cat.10068.jpg
nir-presto,dogs_vs_cats/cat/cat.10069.jpg,cat,0,/v3io/bigdata/dogs_vs_cats_sample/cat/cat.10069.jpg
nir-presto,dogs_vs_cats/cat/cat.1007.jpg,cat,0,/v3io/bigdata/dogs_vs_cats_sample/cat/cat.1007.jpg
nir-presto,dogs_vs_cats/cat/cat.10070.jpg,cat,0,/v3io/bigdata/dogs_vs_cats_sample/cat/cat.10070.jpg
nir-presto,dogs_vs_cats/cat/cat.10071.jpg,cat,0,/v3io/bigdata/dogs_vs_cats_sample/cat/cat.10071.jpg
nir-presto,dogs_vs_cats/cat/cat.10072.jpg,cat,0,/v3io/bigdata/dogs_vs_cats_sample/cat/cat.10072.jpg
nir-presto,dogs_vs_cats/cat/cat.10073.jpg,cat,0,/v3io/bigdata/dogs_vs_cats_sample/cat/cat.10073.jpg
nir-presto,dogs_vs_cats/cat/cat.10074.jpg,cat,0,/v3io/bigdata/dogs_vs_cats_sample/cat/cat.10074.jpg
nir-presto,dogs_vs_cats/cat/cat.10075.jpg,cat,0,/v3io/bigdata/dogs_vs_cats_sample/cat/cat.10075.jpg
nir-presto,dogs_vs_cats/cat/cat.10076.jpg,cat,0,/v3io/bigdata/dogs_vs_cats_sample/cat/cat.10076.jpg
nir-presto,dogs_vs_cats/cat/cat.10077.jpg,cat,0,/v3io/bigdata/dogs_vs_cats_sample/cat/cat.10077.jpg
nir-presto,dogs_vs_cats/cat/cat.10078.jpg,cat,0,/v3io/bigdata/dogs_vs_cats_sample/cat/cat.10078.jpg
nir-presto,dogs_vs_cats/cat/cat.10079.jpg,cat,0,/v3io/bigdata/dogs_vs_cats_sample/cat/cat.10079.jpg
nir-presto,dogs_vs_cats/cat/cat.1008.jpg,cat,0,/v3io/bigdata/dogs_vs_cats_sample/cat/cat.1008.jpg
nir-presto,dogs_vs_cats/cat/cat.10080.jpg,cat,0,/v3io/bigdata/dogs_vs_cats_sample/cat/cat.10080.jpg
nir-presto,dogs_vs_cats/cat/cat.10081.jpg,cat,0,/v3io/bigdata/dogs_vs_cats_sample/cat/cat.10081.jpg
nir-presto,dogs_vs_cats/cat/cat.10082.jpg,cat,0,/v3io/bigdata/dogs_vs_cats_sample/cat/cat.10082.jpg
nir-presto,dogs_vs_cats/cat/cat.10083.jpg,cat,0,/v3io/bigdata/dogs_vs_cats_sample/cat/cat.10083.jpg
nir-presto,dogs_vs_cats/cat/cat.10084.jpg,cat,0,/v3io/bigdata/dogs_vs_cats_sample/cat/cat.10084.jpg
nir-presto,dogs_vs_cats/cat/cat.10085.jpg,cat,0,/v3io/bigdata/dogs_vs_cats_sample/cat/cat.10085.jpg
nir-presto,dogs_vs_cats/cat/cat.10086.jpg,cat,0,/v3io/bigdata/dogs_vs_cats_sample/cat/cat.10086.jpg
nir-presto,dogs_vs_cats/cat/cat.10087.jpg,cat,0,/v3io/bigdata/dogs_vs_cats_sample/cat/cat.10087.jpg
nir-presto,dogs_vs_cats/cat/cat.10088.jpg,cat,0,/v3io/bigdata/dogs_vs_cats_sample/cat/cat.10088.jpg
nir-presto,dogs_vs_cats/cat/cat.10089.jpg,cat,0,/v3io/bigdata/dogs_vs_cats_sample/cat/cat.10089.jpg
nir-presto,dogs_vs_cats/cat/cat.1009.jpg,cat,0,/v3io/bigdata/dogs_vs_cats_sample/cat/cat.1009.jpg
nir-presto,dogs_vs_cats/cat/cat.10090.jpg,cat,0,/v3io/bigdata/dogs_vs_cats_sample/cat/cat.10090.jpg
nir-presto,dogs_vs_cats/cat/cat.10091.jpg,cat,0,/v3io/bigdata/dogs_vs_cats_sample/cat/cat.10091.jpg
nir-presto,dogs_vs_cats/cat/cat.10092.jpg,cat,0,/v3io/bigdata/dogs_vs_cats_sample/cat/cat.10092.jpg
nir-presto,dogs_vs_cats/cat/cat.10093.jpg,cat,0,/v3io/bigdata/dogs_vs_cats_sample/cat/cat.10093.jpg
nir-presto,dogs_vs_cats/cat/cat.10094.jpg,cat,0,/v3io/bigdata/dogs_vs_cats_sample/cat/cat.10094.jpg
nir-presto,dogs_vs_cats/cat/cat.10095.jpg,cat,0,/v3io/bigdata/dogs_vs_cats_sample/cat/cat.10095.jpg
nir-presto,dogs_vs_cats/cat/cat.10096.jpg,cat,0,/v3io/bigdata/dogs_vs_cats_sample/cat/cat.10096.jpg
nir-presto,dogs_vs_cats/cat/cat.10097.jpg,cat,0,/v3io/bigdata/dogs_vs_cats_sample/cat/cat.10097.jpg
nir-presto,dogs_vs_cats/cat/cat.10098.jpg,cat,0,/v3io/bigdata/dogs_vs_cats_sample/cat/cat.10098.jpg
nir-presto,dogs_vs_cats/cat/cat.10099.jpg,cat,0,/v3io/bigdata/dogs_vs_cats_sample/cat/cat.10099.jpg
nir-presto,dogs_vs_cats/cat/cat.101.jpg,cat,0,/v3io/bigdata/dogs_vs_cats_sample/cat/cat.101.jpg
nir-presto,dogs_vs_cats/cat/cat.1010.jpg,cat,0,/v3io/bigdata/dogs_vs_cats_sample/cat/cat.1010.jpg
nir-presto,dogs_vs_cats/cat/cat.10100.jpg,cat,0,/v3io/bigdata/dogs_vs_cats_sample/cat/cat.10100.jpg
nir-presto,dogs_vs_cats/cat/cat.10101.jpg,cat,0,/v3io/bigdata/dogs_vs_cats_sample/cat/cat.10101.jpg
nir-presto,dogs_vs_cats/cat/cat.10102.jpg,cat,0,/v3io/bigdata/dogs_vs_cats_sample/cat/cat.10102.jpg
nir-presto,dogs_vs_cats/cat/cat.10103.jpg,cat,0,/v3io/bigdata/dogs_vs_cats_sample/cat/cat.10103.jpg
nir-presto,dogs_vs_cats/cat/cat.10104.jpg,cat,0,/v3io/bigdata/dogs_vs_cats_sample/cat/cat.10104.jpg
nir-presto,dogs_vs_cats/cat/cat.10105.jpg,cat,0,/v3io/bigdata/dogs_vs_cats_sample/cat/cat.10105.jpg
nir-presto,dogs_vs_cats/cat/cat.10106.jpg,cat,0,/v3io/bigdata/dogs_vs_cats_sample/cat/cat.10106.jpg
nir-presto,dogs_vs_cats/cat/cat.10107.jpg,cat,0,/v3io/bigdata/dogs_vs_cats_sample/cat/cat.10107.jpg
nir-presto,dogs_vs_cats/cat/cat.10108.jpg,cat,0,/v3io/bigdata/dogs_vs_cats_sample/cat/cat.10108.jpg
nir-presto,dogs_vs_cats/cat/cat.10109.jpg,cat,0,/v3io/bigdata/dogs_vs_cats_sample/cat/cat.10109.jpg
nir-presto,dogs_vs_cats/cat/cat.1011.jpg,cat,0,/v3io/bigdata/dogs_vs_cats_sample/cat/cat.1011.jpg
nir-presto,dogs_vs_cats/cat/cat.10110.jpg,cat,0,/v3io/bigdata/dogs_vs_cats_sample/cat/cat.10110.jpg
nir-presto,dogs_vs_cats/cat/cat.10111.jpg,cat,0,/v3io/bigdata/dogs_vs_cats_sample/cat/cat.10111.jpg
nir-presto,dogs_vs_cats/cat/cat.10112.jpg,cat,0,/v3io/bigdata/dogs_vs_cats_sample/cat/cat.10112.jpg
nir-presto,dogs_vs_cats/cat/cat.10113.jpg,cat,0,/v3io/bigdata/dogs_vs_cats_sample/cat/cat.10113.jpg
nir-presto,dogs_vs_cats/cat/cat.10114.jpg,cat,0,/v3io/bigdata/dogs_vs_cats_sample/cat/cat.10114.jpg
nir-presto,dogs_vs_cats/cat/cat.10115.jpg,cat,0,/v3io/bigdata/dogs_vs_cats_sample/cat/cat.10115.jpg
nir-presto,dogs_vs_cats/cat/cat.10116.jpg,cat,0,/v3io/bigdata/dogs_vs_cats_sample/cat/cat.10116.jpg
nir-presto,dogs_vs_cats/cat/cat.10117.jpg,cat,0,/v3io/bigdata/dogs_vs_cats_sample/cat/cat.10117.jpg
nir-presto,dogs_vs_cats/cat/cat.10118.jpg,cat,0,/v3io/bigdata/dogs_vs_cats_sample/cat/cat.10118.jpg
nir-presto,dogs_vs_cats/cat/cat.10119.jpg,cat,0,/v3io/bigdata/dogs_vs_cats_sample/cat/cat.10119.jpg
nir-presto,dogs_vs_cats/cat/cat.1012.jpg,cat,0,/v3io/bigdata/dogs_vs_cats_sample/cat/cat.1012.jpg
nir-presto,dogs_vs_cats/cat/cat.10120.jpg,cat,0,/v3io/bigdata/dogs_vs_cats_sample/cat/cat.10120.jpg
nir-presto,dogs_vs_cats/cat/cat.10121.jpg,cat,0,/v3io/bigdata/dogs_vs_cats_sample/cat/cat.10121.jpg
nir-presto,dogs_vs_cats/cat/cat.10122.jpg,cat,0,/v3io/bigdata/dogs_vs_cats_sample/cat/cat.10122.jpg
nir-presto,dogs_vs_cats/cat/cat.10123.jpg,cat,0,/v3io/bigdata/dogs_vs_cats_sample/cat/cat.10123.jpg
nir-presto,dogs_vs_cats/cat/cat.10124.jpg,cat,0,/v3io/bigdata/dogs_vs_cats_sample/cat/cat.10124.jpg
nir-presto,dogs_vs_cats/cat/cat.10125.jpg,cat,0,/v3io/bigdata/dogs_vs_cats_sample/cat/cat.10125.jpg
nir-presto,dogs_vs_cats/cat/cat.10126.jpg,cat,0,/v3io/bigdata/dogs_vs_cats_sample/cat/cat.10126.jpg
nir-presto,dogs_vs_cats/cat/cat.10127.jpg,cat,0,/v3io/bigdata/dogs_vs_cats_sample/cat/cat.10127.jpg
nir-presto,dogs_vs_cats/cat/cat.10128.jpg,cat,0,/v3io/bigdata/dogs_vs_cats_sample/cat/cat.10128.jpg
nir-presto,dogs_vs_cats/cat/cat.10129.jpg,cat,0,/v3io/bigdata/dogs_vs_cats_sample/cat/cat.10129.jpg
nir-presto,dogs_vs_cats/cat/cat.1013.jpg,cat,0,/v3io/bigdata/dogs_vs_cats_sample/cat/cat.1013.jpg
nir-presto,dogs_vs_cats/cat/cat.10130.jpg,cat,0,/v3io/bigdata/dogs_vs_cats_sample/cat/cat.10130.jpg
nir-presto,dogs_vs_cats/cat/cat.10131.jpg,cat,0,/v3io/bigdata/dogs_vs_cats_sample/cat/cat.10131.jpg
nir-presto,dogs_vs_cats/cat/cat.10132.jpg,cat,0,/v3io/bigdata/dogs_vs_cats_sample/cat/cat.10132.jpg
nir-presto,dogs_vs_cats/cat/cat.10133.jpg,cat,0,/v3io/bigdata/dogs_vs_cats_sample/cat/cat.10133.jpg
nir-presto,dogs_vs_cats/cat/cat.10134.jpg,cat,0,/v3io/bigdata/dogs_vs_cats_sample/cat/cat.10134.jpg
nir-presto,dogs_vs_cats/cat/cat.10135.jpg,cat,0,/v3io/bigdata/dogs_vs_cats_sample/cat/cat.10135.jpg
nir-presto,dogs_vs_cats/cat/cat.10136.jpg,cat,0,/v3io/bigdata/dogs_vs_cats_sample/cat/cat.10136.jpg
nir-presto,dogs_vs_cats/cat/cat.10137.jpg,cat,0,/v3io/bigdata/dogs_vs_cats_sample/cat/cat.10137.jpg
nir-presto,dogs_vs_cats/cat/cat.10138.jpg,cat,0,/v3io/bigdata/dogs_vs_cats_sample/cat/cat.10138.jpg
nir-presto,dogs_vs_cats/cat/cat.10139.jpg,cat,0,/v3io/bigdata/dogs_vs_cats_sample/cat/cat.10139.jpg
nir-presto,dogs_vs_cats/cat/cat.1014.jpg,cat,0,/v3io/bigdata/dogs_vs_cats_sample/cat/cat.1014.jpg
nir-presto,dogs_vs_cats/cat/cat.10140.jpg,cat,0,/v3io/bigdata/dogs_vs_cats_sample/cat/cat.10140.jpg
nir-presto,dogs_vs_cats/cat/cat.10141.jpg,cat,0,/v3io/bigdata/dogs_vs_cats_sample/cat/cat.10141.jpg
nir-presto,dogs_vs_cats/cat/cat.10142.jpg,cat,0,/v3io/bigdata/dogs_vs_cats_sample/cat/cat.10142.jpg
nir-presto,dogs_vs_cats/cat/cat.10143.jpg,cat,0,/v3io/bigdata/dogs_vs_cats_sample/cat/cat.10143.jpg
nir-presto,dogs_vs_cats/cat/cat.10144.jpg,cat,0,/v3io/bigdata/dogs_vs_cats_sample/cat/cat.10144.jpg
nir-presto,dogs_vs_cats/cat/cat.10145.jpg,cat,0,/v3io/bigdata/dogs_vs_cats_sample/cat/cat.10145.jpg
nir-presto,dogs_vs_cats/cat/cat.10146.jpg,cat,0,/v3io/bigdata/dogs_vs_cats_sample/cat/cat.10146.jpg
nir-presto,dogs_vs_cats/cat/cat.10147.jpg,cat,0,/v3io/bigdata/dogs_vs_cats_sample/cat/cat.10147.jpg
nir-presto,dogs_vs_cats/cat/cat.10148.jpg,cat,0,/v3io/bigdata/dogs_vs_cats_sample/cat/cat.10148.jpg
nir-presto,dogs_vs_cats/cat/cat.10149.jpg,cat,0,/v3io/bigdata/dogs_vs_cats_sample/cat/cat.10149.jpg
nir-presto,dogs_vs_cats/cat/cat.1015.jpg,cat,0,/v3io/bigdata/dogs_vs_cats_sample/cat/cat.1015.jpg
nir-presto,dogs_vs_cats/cat/cat.10150.jpg,cat,0,/v3io/bigdata/dogs_vs_cats_sample/cat/cat.10150.jpg
nir-presto,dogs_vs_cats/cat/cat.10151.jpg,cat,0,/v3io/bigdata/dogs_vs_cats_sample/cat/cat.10151.jpg
nir-presto,dogs_vs_cats/cat/cat.10152.jpg,cat,0,/v3io/bigdata/dogs_vs_cats_sample/cat/cat.10152.jpg
nir-presto,dogs_vs_cats/cat/cat.10153.jpg,cat,0,/v3io/bigdata/dogs_vs_cats_sample/cat/cat.10153.jpg
nir-presto,dogs_vs_cats/cat/cat.10154.jpg,cat,0,/v3io/bigdata/dogs_vs_cats_sample/cat/cat.10154.jpg
nir-presto,dogs_vs_cats/cat/cat.10155.jpg,cat,0,/v3io/bigdata/dogs_vs_cats_sample/cat/cat.10155.jpg
nir-presto,dogs_vs_cats/cat/cat.10156.jpg,cat,0,/v3io/bigdata/dogs_vs_cats_sample/cat/cat.10156.jpg
nir-presto,dogs_vs_cats/cat/cat.10157.jpg,cat,0,/v3io/bigdata/dogs_vs_cats_sample/cat/cat.10157.jpg
nir-presto,dogs_vs_cats/cat/cat.10158.jpg,cat,0,/v3io/bigdata/dogs_vs_cats_sample/cat/cat.10158.jpg
nir-presto,dogs_vs_cats/cat/cat.10159.jpg,cat,0,/v3io/bigdata/dogs_vs_cats_sample/cat/cat.10159.jpg
nir-presto,dogs_vs_cats/cat/cat.1016.jpg,cat,0,/v3io/bigdata/dogs_vs_cats_sample/cat/cat.1016.jpg
nir-presto,dogs_vs_cats/cat/cat.10160.jpg,cat,0,/v3io/bigdata/dogs_vs_cats_sample/cat/cat.10160.jpg
nir-presto,dogs_vs_cats/cat/cat.10161.jpg,cat,0,/v3io/bigdata/dogs_vs_cats_sample/cat/cat.10161.jpg
nir-presto,dogs_vs_cats/cat/cat.10162.jpg,cat,0,/v3io/bigdata/dogs_vs_cats_sample/cat/cat.10162.jpg
nir-presto,dogs_vs_cats/cat/cat.10163.jpg,cat,0,/v3io/bigdata/dogs_vs_cats_sample/cat/cat.10163.jpg
nir-presto,dogs_vs_cats/cat/cat.10164.jpg,cat,0,/v3io/bigdata/dogs_vs_cats_sample/cat/cat.10164.jpg
nir-presto,dogs_vs_cats/cat/cat.10165.jpg,cat,0,/v3io/bigdata/dogs_vs_cats_sample/cat/cat.10165.jpg
nir-presto,dogs_vs_cats/cat/cat.10166.jpg,cat,0,/v3io/bigdata/dogs_vs_cats_sample/cat/cat.10166.jpg
nir-presto,dogs_vs_cats/cat/cat.10167.jpg,cat,0,/v3io/bigdata/dogs_vs_cats_sample/cat/cat.10167.jpg
nir-presto,dogs_vs_cats/cat/cat.10168.jpg,cat,0,/v3io/bigdata/dogs_vs_cats_sample/cat/cat.10168.jpg
nir-presto,dogs_vs_cats/cat/cat.10169.jpg,cat,0,/v3io/bigdata/dogs_vs_cats_sample/cat/cat.10169.jpg
nir-presto,dogs_vs_cats/cat/cat.1017.jpg,cat,0,/v3io/bigdata/dogs_vs_cats_sample/cat/cat.1017.jpg
nir-presto,dogs_vs_cats/cat/cat.10170.jpg,cat,0,/v3io/bigdata/dogs_vs_cats_sample/cat/cat.10170.jpg
nir-presto,dogs_vs_cats/cat/cat.10171.jpg,cat,0,/v3io/bigdata/dogs_vs_cats_sample/cat/cat.10171.jpg
nir-presto,dogs_vs_cats/cat/cat.10172.jpg,cat,0,/v3io/bigdata/dogs_vs_cats_sample/cat/cat.10172.jpg
nir-presto,dogs_vs_cats/cat/cat.10173.jpg,cat,0,/v3io/bigdata/dogs_vs_cats_sample/cat/cat.10173.jpg
nir-presto,dogs_vs_cats/cat/cat.10174.jpg,cat,0,/v3io/bigdata/dogs_vs_cats_sample/cat/cat.10174.jpg
nir-presto,dogs_vs_cats/cat/cat.10175.jpg,cat,0,/v3io/bigdata/dogs_vs_cats_sample/cat/cat.10175.jpg
nir-presto,dogs_vs_cats/cat/cat.10176.jpg,cat,0,/v3io/bigdata/dogs_vs_cats_sample/cat/cat.10176.jpg
nir-presto,dogs_vs_cats/cat/cat.10177.jpg,cat,0,/v3io/bigdata/dogs_vs_cats_sample/cat/cat.10177.jpg
nir-presto,dogs_vs_cats/cat/cat.10178.jpg,cat,0,/v3io/bigdata/dogs_vs_cats_sample/cat/cat.10178.jpg
nir-presto,dogs_vs_cats/cat/cat.10179.jpg,cat,0,/v3io/bigdata/dogs_vs_cats_sample/cat/cat.10179.jpg
nir-presto,dogs_vs_cats/cat/cat.1018.jpg,cat,0,/v3io/bigdata/dogs_vs_cats_sample/cat/cat.1018.jpg
nir-presto,dogs_vs_cats/cat/cat.10180.jpg,cat,0,/v3io/bigdata/dogs_vs_cats_sample/cat/cat.10180.jpg
nir-presto,dogs_vs_cats/cat/cat.10181.jpg,cat,0,/v3io/bigdata/dogs_vs_cats_sample/cat/cat.10181.jpg
nir-presto,dogs_vs_cats/cat/cat.10182.jpg,cat,0,/v3io/bigdata/dogs_vs_cats_sample/cat/cat.10182.jpg
nir-presto,dogs_vs_cats/cat/cat.10183.jpg,cat,0,/v3io/bigdata/dogs_vs_cats_sample/cat/cat.10183.jpg
nir-presto,dogs_vs_cats/cat/cat.10184.jpg,cat,0,/v3io/bigdata/dogs_vs_cats_sample/cat/cat.10184.jpg
nir-presto,dogs_vs_cats/cat/cat.10185.jpg,cat,0,/v3io/bigdata/dogs_vs_cats_sample/cat/cat.10185.jpg
nir-presto,dogs_vs_cats/cat/cat.10186.jpg,cat,0,/v3io/bigdata/dogs_vs_cats_sample/cat/cat.10186.jpg
nir-presto,dogs_vs_cats/cat/cat.10187.jpg,cat,0,/v3io/bigdata/dogs_vs_cats_sample/cat/cat.10187.jpg
nir-presto,dogs_vs_cats/cat/cat.10188.jpg,cat,0,/v3io/bigdata/dogs_vs_cats_sample/cat/cat.10188.jpg
nir-presto,dogs_vs_cats/cat/cat.10189.jpg,cat,0,/v3io/bigdata/dogs_vs_cats_sample/cat/cat.10189.jpg
nir-presto,dogs_vs_cats/cat/cat.1019.jpg,cat,0,/v3io/bigdata/dogs_vs_cats_sample/cat/cat.1019.jpg
nir-presto,dogs_vs_cats/cat/cat.10190.jpg,cat,0,/v3io/bigdata/dogs_vs_cats_sample/cat/cat.10190.jpg
nir-presto,dogs_vs_cats/cat/cat.10191.jpg,cat,0,/v3io/bigdata/dogs_vs_cats_sample/cat/cat.10191.jpg
nir-presto,dogs_vs_cats/cat/cat.10192.jpg,cat,0,/v3io/bigdata/dogs_vs_cats_sample/cat/cat.10192.jpg
nir-presto,dogs_vs_cats/cat/cat.10193.jpg,cat,0,/v3io/bigdata/dogs_vs_cats_sample/cat/cat.10193.jpg
nir-presto,dogs_vs_cats/cat/cat.10194.jpg,cat,0,/v3io/bigdata/dogs_vs_cats_sample/cat/cat.10194.jpg
nir-presto,dogs_vs_cats/cat/cat.10195.jpg,cat,0,/v3io/bigdata/dogs_vs_cats_sample/cat/cat.10195.jpg
nir-presto,dogs_vs_cats/cat/cat.10196.jpg,cat,0,/v3io/bigdata/dogs_vs_cats_sample/cat/cat.10196.jpg
nir-presto,dogs_vs_cats/cat/cat.10197.jpg,cat,0,/v3io/bigdata/dogs_vs_cats_sample/cat/cat.10197.jpg
nir-presto,dogs_vs_cats/cat/cat.10198.jpg,cat,0,/v3io/bigdata/dogs_vs_cats_sample/cat/cat.10198.jpg
nir-presto,dogs_vs_cats/cat/cat.10199.jpg,cat,0,/v3io/bigdata/dogs_vs_cats_sample/cat/cat.10199.jpg
nir-presto,dogs_vs_cats/cat/cat.102.jpg,cat,0,/v3io/bigdata/dogs_vs_cats_sample/cat/cat.102.jpg
nir-presto,dogs_vs_cats/cat/cat.1020.jpg,cat,0,/v3io/bigdata/dogs_vs_cats_sample/cat/cat.1020.jpg
nir-presto,dogs_vs_cats/cat/cat.10200.jpg,cat,0,/v3io/bigdata/dogs_vs_cats_sample/cat/cat.10200.jpg
nir-presto,dogs_vs_cats/cat/cat.10201.jpg,cat,0,/v3io/bigdata/dogs_vs_cats_sample/cat/cat.10201.jpg
nir-presto,dogs_vs_cats/cat/cat.10202.jpg,cat,0,/v3io/bigdata/dogs_vs_cats_sample/cat/cat.10202.jpg
nir-presto,dogs_vs_cats/cat/cat.10203.jpg,cat,0,/v3io/bigdata/dogs_vs_cats_sample/cat/cat.10203.jpg
nir-presto,dogs_vs_cats/cat/cat.10204.jpg,cat,0,/v3io/bigdata/dogs_vs_cats_sample/cat/cat.10204.jpg
nir-presto,dogs_vs_cats/cat/cat.10205.jpg,cat,0,/v3io/bigdata/dogs_vs_cats_sample/cat/cat.10205.jpg
nir-presto,dogs_vs_cats/cat/cat.10206.jpg,cat,0,/v3io/bigdata/dogs_vs_cats_sample/cat/cat.10206.jpg
nir-presto,dogs_vs_cats/cat/cat.10207.jpg,cat,0,/v3io/bigdata/dogs_vs_cats_sample/cat/cat.10207.jpg
nir-presto,dogs_vs_cats/cat/cat.10208.jpg,cat,0,/v3io/bigdata/dogs_vs_cats_sample/cat/cat.10208.jpg
nir-presto,dogs_vs_cats/cat/cat.10209.jpg,cat,0,/v3io/bigdata/dogs_vs_cats_sample/cat/cat.10209.jpg
nir-presto,dogs_vs_cats/cat/cat.1021.jpg,cat,0,/v3io/bigdata/dogs_vs_cats_sample/cat/cat.1021.jpg
nir-presto,dogs_vs_cats/cat/cat.10210.jpg,cat,0,/v3io/bigdata/dogs_vs_cats_sample/cat/cat.10210.jpg
nir-presto,dogs_vs_cats/cat/cat.10211.jpg,cat,0,/v3io/bigdata/dogs_vs_cats_sample/cat/cat.10211.jpg
nir-presto,dogs_vs_cats/cat/cat.10212.jpg,cat,0,/v3io/bigdata/dogs_vs_cats_sample/cat/cat.10212.jpg
nir-presto,dogs_vs_cats/cat/cat.10213.jpg,cat,0,/v3io/bigdata/dogs_vs_cats_sample/cat/cat.10213.jpg
nir-presto,dogs_vs_cats/cat/cat.10214.jpg,cat,0,/v3io/bigdata/dogs_vs_cats_sample/cat/cat.10214.jpg
nir-presto,dogs_vs_cats/cat/cat.10215.jpg,cat,0,/v3io/bigdata/dogs_vs_cats_sample/cat/cat.10215.jpg
nir-presto,dogs_vs_cats/cat/cat.10216.jpg,cat,0,/v3io/bigdata/dogs_vs_cats_sample/cat/cat.10216.jpg
nir-presto,dogs_vs_cats/cat/cat.10217.jpg,cat,0,/v3io/bigdata/dogs_vs_cats_sample/cat/cat.10217.jpg
nir-presto,dogs_vs_cats/cat/cat.10218.jpg,cat,0,/v3io/bigdata/dogs_vs_cats_sample/cat/cat.10218.jpg
nir-presto,dogs_vs_cats/cat/cat.10219.jpg,cat,0,/v3io/bigdata/dogs_vs_cats_sample/cat/cat.10219.jpg
nir-presto,dogs_vs_cats/cat/cat.1022.jpg,cat,0,/v3io/bigdata/dogs_vs_cats_sample/cat/cat.1022.jpg
nir-presto,dogs_vs_cats/cat/cat.10220.jpg,cat,0,/v3io/bigdata/dogs_vs_cats_sample/cat/cat.10220.jpg
nir-presto,dogs_vs_cats/cat/cat.10221.jpg,cat,0,/v3io/bigdata/dogs_vs_cats_sample/cat/cat.10221.jpg
nir-presto,dogs_vs_cats/cat/cat.10222.jpg,cat,0,/v3io/bigdata/dogs_vs_cats_sample/cat/cat.10222.jpg
nir-presto,dogs_vs_cats/cat/cat.10223.jpg,cat,0,/v3io/bigdata/dogs_vs_cats_sample/cat/cat.10223.jpg
nir-presto,dogs_vs_cats/cat/cat.10224.jpg,cat,0,/v3io/bigdata/dogs_vs_cats_sample/cat/cat.10224.jpg
nir-presto,dogs_vs_cats/cat/cat.10225.jpg,cat,0,/v3io/bigdata/dogs_vs_cats_sample/cat/cat.10225.jpg
nir-presto,dogs_vs_cats/cat/cat.10226.jpg,cat,0,/v3io/bigdata/dogs_vs_cats_sample/cat/cat.10226.jpg
nir-presto,dogs_vs_cats/cat/cat.10227.jpg,cat,0,/v3io/bigdata/dogs_vs_cats_sample/cat/cat.10227.jpg
nir-presto,dogs_vs_cats/cat/cat.10228.jpg,cat,0,/v3io/bigdata/dogs_vs_cats_sample/cat/cat.10228.jpg
nir-presto,dogs_vs_cats/cat/cat.10229.jpg,cat,0,/v3io/bigdata/dogs_vs_cats_sample/cat/cat.10229.jpg
nir-presto,dogs_vs_cats/cat/cat.1023.jpg,cat,0,/v3io/bigdata/dogs_vs_cats_sample/cat/cat.1023.jpg
nir-presto,dogs_vs_cats/cat/cat.10230.jpg,cat,0,/v3io/bigdata/dogs_vs_cats_sample/cat/cat.10230.jpg
nir-presto,dogs_vs_cats/cat/cat.10231.jpg,cat,0,/v3io/bigdata/dogs_vs_cats_sample/cat/cat.10231.jpg
nir-presto,dogs_vs_cats/cat/cat.10232.jpg,cat,0,/v3io/bigdata/dogs_vs_cats_sample/cat/cat.10232.jpg
nir-presto,dogs_vs_cats/cat/cat.10233.jpg,cat,0,/v3io/bigdata/dogs_vs_cats_sample/cat/cat.10233.jpg
nir-presto,dogs_vs_cats/cat/cat.10234.jpg,cat,0,/v3io/bigdata/dogs_vs_cats_sample/cat/cat.10234.jpg
nir-presto,dogs_vs_cats/cat/cat.10235.jpg,cat,0,/v3io/bigdata/dogs_vs_cats_sample/cat/cat.10235.jpg
nir-presto,dogs_vs_cats/cat/cat.10236.jpg,cat,0,/v3io/bigdata/dogs_vs_cats_sample/cat/cat.10236.jpg
nir-presto,dogs_vs_cats/cat/cat.10237.jpg,cat,0,/v3io/bigdata/dogs_vs_cats_sample/cat/cat.10237.jpg
nir-presto,dogs_vs_cats/cat/cat.10238.jpg,cat,0,/v3io/bigdata/dogs_vs_cats_sample/cat/cat.10238.jpg
nir-presto,dogs_vs_cats/cat/cat.10239.jpg,cat,0,/v3io/bigdata/dogs_vs_cats_sample/cat/cat.10239.jpg
nir-presto,dogs_vs_cats/cat/cat.1024.jpg,cat,0,/v3io/bigdata/dogs_vs_cats_sample/cat/cat.1024.jpg
nir-presto,dogs_vs_cats/cat/cat.10240.jpg,cat,0,/v3io/bigdata/dogs_vs_cats_sample/cat/cat.10240.jpg
nir-presto,dogs_vs_cats/cat/cat.10241.jpg,cat,0,/v3io/bigdata/dogs_vs_cats_sample/cat/cat.10241.jpg
nir-presto,dogs_vs_cats/cat/cat.10242.jpg,cat,0,/v3io/bigdata/dogs_vs_cats_sample/cat/cat.10242.jpg
nir-presto,dogs_vs_cats/cat/cat.10243.jpg,cat,0,/v3io/bigdata/dogs_vs_cats_sample/cat/cat.10243.jpg
nir-presto,dogs_vs_cats/cat/cat.10244.jpg,cat,0,/v3io/bigdata/dogs_vs_cats_sample/cat/cat.10244.jpg
nir-presto,dogs_vs_cats/cat/cat.10245.jpg,cat,0,/v3io/bigdata/dogs_vs_cats_sample/cat/cat.10245.jpg
nir-presto,dogs_vs_cats/cat/cat.10246.jpg,cat,0,/v3io/bigdata/dogs_vs_cats_sample/cat/cat.10246.jpg
nir-presto,dogs_vs_cats/cat/cat.10247.jpg,cat,0,/v3io/bigdata/dogs_vs_cats_sample/cat/cat.10247.jpg
nir-presto,dogs_vs_cats/cat/cat.10248.jpg,cat,0,/v3io/bigdata/dogs_vs_cats_sample/cat/cat.10248.jpg
nir-presto,dogs_vs_cats/cat/cat.10249.jpg,cat,0,/v3io/bigdata/dogs_vs_cats_sample/cat/cat.10249.jpg
nir-presto,dogs_vs_cats/cat/cat.1025.jpg,cat,0,/v3io/bigdata/dogs_vs_cats_sample/cat/cat.1025.jpg
nir-presto,dogs_vs_cats/cat/cat.10250.jpg,cat,0,/v3io/bigdata/dogs_vs_cats_sample/cat/cat.10250.jpg
nir-presto,dogs_vs_cats/cat/cat.10251.jpg,cat,0,/v3io/bigdata/dogs_vs_cats_sample/cat/cat.10251.jpg
nir-presto,dogs_vs_cats/cat/cat.10252.jpg,cat,0,/v3io/bigdata/dogs_vs_cats_sample/cat/cat.10252.jpg
nir-presto,dogs_vs_cats/cat/cat.10253.jpg,cat,0,/v3io/bigdata/dogs_vs_cats_sample/cat/cat.10253.jpg
nir-presto,dogs_vs_cats/cat/cat.10254.jpg,cat,0,/v3io/bigdata/dogs_vs_cats_sample/cat/cat.10254.jpg
nir-presto,dogs_vs_cats/cat/cat.10255.jpg,cat,0,/v3io/bigdata/dogs_vs_cats_sample/cat/cat.10255.jpg
nir-presto,dogs_vs_cats/cat/cat.10256.jpg,cat,0,/v3io/bigdata/dogs_vs_cats_sample/cat/cat.10256.jpg
nir-presto,dogs_vs_cats/cat/cat.10257.jpg,cat,0,/v3io/bigdata/dogs_vs_cats_sample/cat/cat.10257.jpg
nir-presto,dogs_vs_cats/cat/cat.10258.jpg,cat,0,/v3io/bigdata/dogs_vs_cats_sample/cat/cat.10258.jpg
nir-presto,dogs_vs_cats/cat/cat.10259.jpg,cat,0,/v3io/bigdata/dogs_vs_cats_sample/cat/cat.10259.jpg
nir-presto,dogs_vs_cats/cat/cat.1026.jpg,cat,0,/v3io/bigdata/dogs_vs_cats_sample/cat/cat.1026.jpg
nir-presto,dogs_vs_cats/cat/cat.10260.jpg,cat,0,/v3io/bigdata/dogs_vs_cats_sample/cat/cat.10260.jpg
nir-presto,dogs_vs_cats/cat/cat.10261.jpg,cat,0,/v3io/bigdata/dogs_vs_cats_sample/cat/cat.10261.jpg
nir-presto,dogs_vs_cats/cat/cat.10262.jpg,cat,0,/v3io/bigdata/dogs_vs_cats_sample/cat/cat.10262.jpg
nir-presto,dogs_vs_cats/cat/cat.10263.jpg,cat,0,/v3io/bigdata/dogs_vs_cats_sample/cat/cat.10263.jpg
nir-presto,dogs_vs_cats/cat/cat.10264.jpg,cat,0,/v3io/bigdata/dogs_vs_cats_sample/cat/cat.10264.jpg
nir-presto,dogs_vs_cats/cat/cat.10265.jpg,cat,0,/v3io/bigdata/dogs_vs_cats_sample/cat/cat.10265.jpg
nir-presto,dogs_vs_cats/cat/cat.10266.jpg,cat,0,/v3io/bigdata/dogs_vs_cats_sample/cat/cat.10266.jpg
nir-presto,dogs_vs_cats/cat/cat.10267.jpg,cat,0,/v3io/bigdata/dogs_vs_cats_sample/cat/cat.10267.jpg
nir-presto,dogs_vs_cats/cat/cat.10268.jpg,cat,0,/v3io/bigdata/dogs_vs_cats_sample/cat/cat.10268.jpg
nir-presto,dogs_vs_cats/cat/cat.10269.jpg,cat,0,/v3io/bigdata/dogs_vs_cats_sample/cat/cat.10269.jpg
nir-presto,dogs_vs_cats/cat/cat.1027.jpg,cat,0,/v3io/bigdata/dogs_vs_cats_sample/cat/cat.1027.jpg
nir-presto,dogs_vs_cats/cat/cat.10270.jpg,cat,0,/v3io/bigdata/dogs_vs_cats_sample/cat/cat.10270.jpg
nir-presto,dogs_vs_cats/cat/cat.10271.jpg,cat,0,/v3io/bigdata/dogs_vs_cats_sample/cat/cat.10271.jpg
nir-presto,dogs_vs_cats/cat/cat.10272.jpg,cat,0,/v3io/bigdata/dogs_vs_cats_sample/cat/cat.10272.jpg
nir-presto,dogs_vs_cats/cat/cat.10273.jpg,cat,0,/v3io/bigdata/dogs_vs_cats_sample/cat/cat.10273.jpg
nir-presto,dogs_vs_cats/cat/cat.10274.jpg,cat,0,/v3io/bigdata/dogs_vs_cats_sample/cat/cat.10274.jpg
nir-presto,dogs_vs_cats/cat/cat.10275.jpg,cat,0,/v3io/bigdata/dogs_vs_cats_sample/cat/cat.10275.jpg
nir-presto,dogs_vs_cats/cat/cat.10276.jpg,cat,0,/v3io/bigdata/dogs_vs_cats_sample/cat/cat.10276.jpg
nir-presto,dogs_vs_cats/cat/cat.10277.jpg,cat,0,/v3io/bigdata/dogs_vs_cats_sample/cat/cat.10277.jpg
nir-presto,dogs_vs_cats/cat/cat.10278.jpg,cat,0,/v3io/bigdata/dogs_vs_cats_sample/cat/cat.10278.jpg
nir-presto,dogs_vs_cats/cat/cat.10279.jpg,cat,0,/v3io/bigdata/dogs_vs_cats_sample/cat/cat.10279.jpg
nir-presto,dogs_vs_cats/cat/cat.1028.jpg,cat,0,/v3io/bigdata/dogs_vs_cats_sample/cat/cat.1028.jpg
nir-presto,dogs_vs_cats/cat/cat.10280.jpg,cat,0,/v3io/bigdata/dogs_vs_cats_sample/cat/cat.10280.jpg
nir-presto,dogs_vs_cats/cat/cat.10281.jpg,cat,0,/v3io/bigdata/dogs_vs_cats_sample/cat/cat.10281.jpg
nir-presto,dogs_vs_cats/cat/cat.10282.jpg,cat,0,/v3io/bigdata/dogs_vs_cats_sample/cat/cat.10282.jpg
nir-presto,dogs_vs_cats/cat/cat.10283.jpg,cat,0,/v3io/bigdata/dogs_vs_cats_sample/cat/cat.10283.jpg
nir-presto,dogs_vs_cats/cat/cat.10284.jpg,cat,0,/v3io/bigdata/dogs_vs_cats_sample/cat/cat.10284.jpg
nir-presto,dogs_vs_cats/cat/cat.10285.jpg,cat,0,/v3io/bigdata/dogs_vs_cats_sample/cat/cat.10285.jpg
nir-presto,dogs_vs_cats/cat/cat.10286.jpg,cat,0,/v3io/bigdata/dogs_vs_cats_sample/cat/cat.10286.jpg
nir-presto,dogs_vs_cats/cat/cat.10287.jpg,cat,0,/v3io/bigdata/dogs_vs_cats_sample/cat/cat.10287.jpg
nir-presto,dogs_vs_cats/cat/cat.10288.jpg,cat,0,/v3io/bigdata/dogs_vs_cats_sample/cat/cat.10288.jpg
nir-presto,dogs_vs_cats/cat/cat.10289.jpg,cat,0,/v3io/bigdata/dogs_vs_cats_sample/cat/cat.10289.jpg
nir-presto,dogs_vs_cats/cat/cat.1029.jpg,cat,0,/v3io/bigdata/dogs_vs_cats_sample/cat/cat.1029.jpg
nir-presto,dogs_vs_cats/cat/cat.10290.jpg,cat,0,/v3io/bigdata/dogs_vs_cats_sample/cat/cat.10290.jpg
nir-presto,dogs_vs_cats/cat/cat.10291.jpg,cat,0,/v3io/bigdata/dogs_vs_cats_sample/cat/cat.10291.jpg
nir-presto,dogs_vs_cats/cat/cat.10292.jpg,cat,0,/v3io/bigdata/dogs_vs_cats_sample/cat/cat.10292.jpg
nir-presto,dogs_vs_cats/cat/cat.10293.jpg,cat,0,/v3io/bigdata/dogs_vs_cats_sample/cat/cat.10293.jpg
nir-presto,dogs_vs_cats/cat/cat.10294.jpg,cat,0,/v3io/bigdata/dogs_vs_cats_sample/cat/cat.10294.jpg
nir-presto,dogs_vs_cats/cat/cat.10295.jpg,cat,0,/v3io/bigdata/dogs_vs_cats_sample/cat/cat.10295.jpg
nir-presto,dogs_vs_cats/cat/cat.10296.jpg,cat,0,/v3io/bigdata/dogs_vs_cats_sample/cat/cat.10296.jpg
nir-presto,dogs_vs_cats/cat/cat.10297.jpg,cat,0,/v3io/bigdata/dogs_vs_cats_sample/cat/cat.10297.jpg
nir-presto,dogs_vs_cats/cat/cat.10298.jpg,cat,0,/v3io/bigdata/dogs_vs_cats_sample/cat/cat.10298.jpg
nir-presto,dogs_vs_cats/cat/cat.10299.jpg,cat,0,/v3io/bigdata/dogs_vs_cats_sample/cat/cat.10299.jpg
nir-presto,dogs_vs_cats/cat/cat.103.jpg,cat,0,/v3io/bigdata/dogs_vs_cats_sample/cat/cat.103.jpg
nir-presto,dogs_vs_cats/cat/cat.1030.jpg,cat,0,/v3io/bigdata/dogs_vs_cats_sample/cat/cat.1030.jpg
nir-presto,dogs_vs_cats/cat/cat.10300.jpg,cat,0,/v3io/bigdata/dogs_vs_cats_sample/cat/cat.10300.jpg
nir-presto,dogs_vs_cats/cat/cat.10301.jpg,cat,0,/v3io/bigdata/dogs_vs_cats_sample/cat/cat.10301.jpg
nir-presto,dogs_vs_cats/cat/cat.10302.jpg,cat,0,/v3io/bigdata/dogs_vs_cats_sample/cat/cat.10302.jpg
nir-presto,dogs_vs_cats/cat/cat.10303.jpg,cat,0,/v3io/bigdata/dogs_vs_cats_sample/cat/cat.10303.jpg
nir-presto,dogs_vs_cats/cat/cat.10304.jpg,cat,0,/v3io/bigdata/dogs_vs_cats_sample/cat/cat.10304.jpg
nir-presto,dogs_vs_cats/cat/cat.10305.jpg,cat,0,/v3io/bigdata/dogs_vs_cats_sample/cat/cat.10305.jpg
nir-presto,dogs_vs_cats/cat/cat.10306.jpg,cat,0,/v3io/bigdata/dogs_vs_cats_sample/cat/cat.10306.jpg
nir-presto,dogs_vs_cats/cat/cat.10307.jpg,cat,0,/v3io/bigdata/dogs_vs_cats_sample/cat/cat.10307.jpg
nir-presto,dogs_vs_cats/cat/cat.10308.jpg,cat,0,/v3io/bigdata/dogs_vs_cats_sample/cat/cat.10308.jpg
nir-presto,dogs_vs_cats/cat/cat.10309.jpg,cat,0,/v3io/bigdata/dogs_vs_cats_sample/cat/cat.10309.jpg
nir-presto,dogs_vs_cats/cat/cat.1031.jpg,cat,0,/v3io/bigdata/dogs_vs_cats_sample/cat/cat.1031.jpg
nir-presto,dogs_vs_cats/cat/cat.10310.jpg,cat,0,/v3io/bigdata/dogs_vs_cats_sample/cat/cat.10310.jpg
nir-presto,dogs_vs_cats/cat/cat.10311.jpg,cat,0,/v3io/bigdata/dogs_vs_cats_sample/cat/cat.10311.jpg
nir-presto,dogs_vs_cats/cat/cat.10312.jpg,cat,0,/v3io/bigdata/dogs_vs_cats_sample/cat/cat.10312.jpg
nir-presto,dogs_vs_cats/cat/cat.10313.jpg,cat,0,/v3io/bigdata/dogs_vs_cats_sample/cat/cat.10313.jpg
nir-presto,dogs_vs_cats/cat/cat.10314.jpg,cat,0,/v3io/bigdata/dogs_vs_cats_sample/cat/cat.10314.jpg
nir-presto,dogs_vs_cats/cat/cat.10315.jpg,cat,0,/v3io/bigdata/dogs_vs_cats_sample/cat/cat.10315.jpg
nir-presto,dogs_vs_cats/cat/cat.10316.jpg,cat,0,/v3io/bigdata/dogs_vs_cats_sample/cat/cat.10316.jpg
nir-presto,dogs_vs_cats/cat/cat.10317.jpg,cat,0,/v3io/bigdata/dogs_vs_cats_sample/cat/cat.10317.jpg
nir-presto,dogs_vs_cats/cat/cat.10318.jpg,cat,0,/v3io/bigdata/dogs_vs_cats_sample/cat/cat.10318.jpg
nir-presto,dogs_vs_cats/cat/cat.10319.jpg,cat,0,/v3io/bigdata/dogs_vs_cats_sample/cat/cat.10319.jpg
nir-presto,dogs_vs_cats/cat/cat.1032.jpg,cat,0,/v3io/bigdata/dogs_vs_cats_sample/cat/cat.1032.jpg
nir-presto,dogs_vs_cats/cat/cat.10320.jpg,cat,0,/v3io/bigdata/dogs_vs_cats_sample/cat/cat.10320.jpg
nir-presto,dogs_vs_cats/cat/cat.10321.jpg,cat,0,/v3io/bigdata/dogs_vs_cats_sample/cat/cat.10321.jpg
nir-presto,dogs_vs_cats/cat/cat.10322.jpg,cat,0,/v3io/bigdata/dogs_vs_cats_sample/cat/cat.10322.jpg
nir-presto,dogs_vs_cats/cat/cat.10323.jpg,cat,0,/v3io/bigdata/dogs_vs_cats_sample/cat/cat.10323.jpg
nir-presto,dogs_vs_cats/cat/cat.10324.jpg,cat,0,/v3io/bigdata/dogs_vs_cats_sample/cat/cat.10324.jpg
nir-presto,dogs_vs_cats/cat/cat.10325.jpg,cat,0,/v3io/bigdata/dogs_vs_cats_sample/cat/cat.10325.jpg
nir-presto,dogs_vs_cats/cat/cat.10326.jpg,cat,0,/v3io/bigdata/dogs_vs_cats_sample/cat/cat.10326.jpg
nir-presto,dogs_vs_cats/cat/cat.10327.jpg,cat,0,/v3io/bigdata/dogs_vs_cats_sample/cat/cat.10327.jpg
nir-presto,dogs_vs_cats/cat/cat.10328.jpg,cat,0,/v3io/bigdata/dogs_vs_cats_sample/cat/cat.10328.jpg
nir-presto,dogs_vs_cats/cat/cat.10329.jpg,cat,0,/v3io/bigdata/dogs_vs_cats_sample/cat/cat.10329.jpg
nir-presto,dogs_vs_cats/cat/cat.1033.jpg,cat,0,/v3io/bigdata/dogs_vs_cats_sample/cat/cat.1033.jpg
nir-presto,dogs_vs_cats/cat/cat.10330.jpg,cat,0,/v3io/bigdata/dogs_vs_cats_sample/cat/cat.10330.jpg
nir-presto,dogs_vs_cats/cat/cat.10331.jpg,cat,0,/v3io/bigdata/dogs_vs_cats_sample/cat/cat.10331.jpg
nir-presto,dogs_vs_cats/cat/cat.10332.jpg,cat,0,/v3io/bigdata/dogs_vs_cats_sample/cat/cat.10332.jpg
nir-presto,dogs_vs_cats/cat/cat.10333.jpg,cat,0,/v3io/bigdata/dogs_vs_cats_sample/cat/cat.10333.jpg
nir-presto,dogs_vs_cats/cat/cat.10334.jpg,cat,0,/v3io/bigdata/dogs_vs_cats_sample/cat/cat.10334.jpg
nir-presto,dogs_vs_cats/cat/cat.10335.jpg,cat,0,/v3io/bigdata/dogs_vs_cats_sample/cat/cat.10335.jpg
nir-presto,dogs_vs_cats/cat/cat.10336.jpg,cat,0,/v3io/bigdata/dogs_vs_cats_sample/cat/cat.10336.jpg
nir-presto,dogs_vs_cats/cat/cat.10337.jpg,cat,0,/v3io/bigdata/dogs_vs_cats_sample/cat/cat.10337.jpg
nir-presto,dogs_vs_cats/cat/cat.10338.jpg,cat,0,/v3io/bigdata/dogs_vs_cats_sample/cat/cat.10338.jpg
nir-presto,dogs_vs_cats/cat/cat.10339.jpg,cat,0,/v3io/bigdata/dogs_vs_cats_sample/cat/cat.10339.jpg
nir-presto,dogs_vs_cats/cat/cat.1034.jpg,cat,0,/v3io/bigdata/dogs_vs_cats_sample/cat/cat.1034.jpg
nir-presto,dogs_vs_cats/cat/cat.10340.jpg,cat,0,/v3io/bigdata/dogs_vs_cats_sample/cat/cat.10340.jpg
nir-presto,dogs_vs_cats/cat/cat.10341.jpg,cat,0,/v3io/bigdata/dogs_vs_cats_sample/cat/cat.10341.jpg
nir-presto,dogs_vs_cats/cat/cat.10342.jpg,cat,0,/v3io/bigdata/dogs_vs_cats_sample/cat/cat.10342.jpg
nir-presto,dogs_vs_cats/cat/cat.10343.jpg,cat,0,/v3io/bigdata/dogs_vs_cats_sample/cat/cat.10343.jpg
nir-presto,dogs_vs_cats/cat/cat.10344.jpg,cat,0,/v3io/bigdata/dogs_vs_cats_sample/cat/cat.10344.jpg
nir-presto,dogs_vs_cats/cat/cat.10345.jpg,cat,0,/v3io/bigdata/dogs_vs_cats_sample/cat/cat.10345.jpg
nir-presto,dogs_vs_cats/cat/cat.10346.jpg,cat,0,/v3io/bigdata/dogs_vs_cats_sample/cat/cat.10346.jpg
nir-presto,dogs_vs_cats/cat/cat.10347.jpg,cat,0,/v3io/bigdata/dogs_vs_cats_sample/cat/cat.10347.jpg
nir-presto,dogs_vs_cats/cat/cat.10348.jpg,cat,0,/v3io/bigdata/dogs_vs_cats_sample/cat/cat.10348.jpg
nir-presto,dogs_vs_cats/cat/cat.10349.jpg,cat,0,/v3io/bigdata/dogs_vs_cats_sample/cat/cat.10349.jpg
nir-presto,dogs_vs_cats/cat/cat.1035.jpg,cat,0,/v3io/bigdata/dogs_vs_cats_sample/cat/cat.1035.jpg
nir-presto,dogs_vs_cats/cat/cat.10350.jpg,cat,0,/v3io/bigdata/dogs_vs_cats_sample/cat/cat.10350.jpg
nir-presto,dogs_vs_cats/cat/cat.10351.jpg,cat,0,/v3io/bigdata/dogs_vs_cats_sample/cat/cat.10351.jpg
nir-presto,dogs_vs_cats/cat/cat.10352.jpg,cat,0,/v3io/bigdata/dogs_vs_cats_sample/cat/cat.10352.jpg
nir-presto,dogs_vs_cats/cat/cat.10353.jpg,cat,0,/v3io/bigdata/dogs_vs_cats_sample/cat/cat.10353.jpg
nir-presto,dogs_vs_cats/cat/cat.10354.jpg,cat,0,/v3io/bigdata/dogs_vs_cats_sample/cat/cat.10354.jpg
nir-presto,dogs_vs_cats/cat/cat.10355.jpg,cat,0,/v3io/bigdata/dogs_vs_cats_sample/cat/cat.10355.jpg
nir-presto,dogs_vs_cats/cat/cat.10356.jpg,cat,0,/v3io/bigdata/dogs_vs_cats_sample/cat/cat.10356.jpg
nir-presto,dogs_vs_cats/cat/cat.10357.jpg,cat,0,/v3io/bigdata/dogs_vs_cats_sample/cat/cat.10357.jpg
nir-presto,dogs_vs_cats/cat/cat.10358.jpg,cat,0,/v3io/bigdata/dogs_vs_cats_sample/cat/cat.10358.jpg
nir-presto,dogs_vs_cats/cat/cat.10359.jpg,cat,0,/v3io/bigdata/dogs_vs_cats_sample/cat/cat.10359.jpg
nir-presto,dogs_vs_cats/cat/cat.1036.jpg,cat,0,/v3io/bigdata/dogs_vs_cats_sample/cat/cat.1036.jpg
nir-presto,dogs_vs_cats/cat/cat.10360.jpg,cat,0,/v3io/bigdata/dogs_vs_cats_sample/cat/cat.10360.jpg
nir-presto,dogs_vs_cats/cat/cat.10361.jpg,cat,0,/v3io/bigdata/dogs_vs_cats_sample/cat/cat.10361.jpg
nir-presto,dogs_vs_cats/cat/cat.10362.jpg,cat,0,/v3io/bigdata/dogs_vs_cats_sample/cat/cat.10362.jpg
nir-presto,dogs_vs_cats/cat/cat.10363.jpg,cat,0,/v3io/bigdata/dogs_vs_cats_sample/cat/cat.10363.jpg
nir-presto,dogs_vs_cats/cat/cat.10364.jpg,cat,0,/v3io/bigdata/dogs_vs_cats_sample/cat/cat.10364.jpg
nir-presto,dogs_vs_cats/cat/cat.10365.jpg,cat,0,/v3io/bigdata/dogs_vs_cats_sample/cat/cat.10365.jpg
nir-presto,dogs_vs_cats/cat/cat.10366.jpg,cat,0,/v3io/bigdata/dogs_vs_cats_sample/cat/cat.10366.jpg
nir-presto,dogs_vs_cats/cat/cat.10367.jpg,cat,0,/v3io/bigdata/dogs_vs_cats_sample/cat/cat.10367.jpg
nir-presto,dogs_vs_cats/cat/cat.10368.jpg,cat,0,/v3io/bigdata/dogs_vs_cats_sample/cat/cat.10368.jpg
nir-presto,dogs_vs_cats/cat/cat.10369.jpg,cat,0,/v3io/bigdata/dogs_vs_cats_sample/cat/cat.10369.jpg
nir-presto,dogs_vs_cats/cat/cat.1037.jpg,cat,0,/v3io/bigdata/dogs_vs_cats_sample/cat/cat.1037.jpg
nir-presto,dogs_vs_cats/cat/cat.10370.jpg,cat,0,/v3io/bigdata/dogs_vs_cats_sample/cat/cat.10370.jpg
nir-presto,dogs_vs_cats/cat/cat.10371.jpg,cat,0,/v3io/bigdata/dogs_vs_cats_sample/cat/cat.10371.jpg
nir-presto,dogs_vs_cats/cat/cat.10372.jpg,cat,0,/v3io/bigdata/dogs_vs_cats_sample/cat/cat.10372.jpg
nir-presto,dogs_vs_cats/cat/cat.10373.jpg,cat,0,/v3io/bigdata/dogs_vs_cats_sample/cat/cat.10373.jpg
nir-presto,dogs_vs_cats/cat/cat.10374.jpg,cat,0,/v3io/bigdata/dogs_vs_cats_sample/cat/cat.10374.jpg
nir-presto,dogs_vs_cats/cat/cat.10375.jpg,cat,0,/v3io/bigdata/dogs_vs_cats_sample/cat/cat.10375.jpg
nir-presto,dogs_vs_cats/cat/cat.10376.jpg,cat,0,/v3io/bigdata/dogs_vs_cats_sample/cat/cat.10376.jpg
nir-presto,dogs_vs_cats/cat/cat.10377.jpg,cat,0,/v3io/bigdata/dogs_vs_cats_sample/cat/cat.10377.jpg
nir-presto,dogs_vs_cats/cat/cat.10378.jpg,cat,0,/v3io/bigdata/dogs_vs_cats_sample/cat/cat.10378.jpg
nir-presto,dogs_vs_cats/cat/cat.10379.jpg,cat,0,/v3io/bigdata/dogs_vs_cats_sample/cat/cat.10379.jpg
nir-presto,dogs_vs_cats/cat/cat.1038.jpg,cat,0,/v3io/bigdata/dogs_vs_cats_sample/cat/cat.1038.jpg
nir-presto,dogs_vs_cats/cat/cat.10380.jpg,cat,0,/v3io/bigdata/dogs_vs_cats_sample/cat/cat.10380.jpg
nir-presto,dogs_vs_cats/cat/cat.10381.jpg,cat,0,/v3io/bigdata/dogs_vs_cats_sample/cat/cat.10381.jpg
nir-presto,dogs_vs_cats/cat/cat.10382.jpg,cat,0,/v3io/bigdata/dogs_vs_cats_sample/cat/cat.10382.jpg
nir-presto,dogs_vs_cats/cat/cat.10383.jpg,cat,0,/v3io/bigdata/dogs_vs_cats_sample/cat/cat.10383.jpg
nir-presto,dogs_vs_cats/cat/cat.10384.jpg,cat,0,/v3io/bigdata/dogs_vs_cats_sample/cat/cat.10384.jpg
nir-presto,dogs_vs_cats/cat/cat.10385.jpg,cat,0,/v3io/bigdata/dogs_vs_cats_sample/cat/cat.10385.jpg
nir-presto,dogs_vs_cats/cat/cat.10386.jpg,cat,0,/v3io/bigdata/dogs_vs_cats_sample/cat/cat.10386.jpg
nir-presto,dogs_vs_cats/cat/cat.10387.jpg,cat,0,/v3io/bigdata/dogs_vs_cats_sample/cat/cat.10387.jpg
nir-presto,dogs_vs_cats/cat/cat.10388.jpg,cat,0,/v3io/bigdata/dogs_vs_cats_sample/cat/cat.10388.jpg
nir-presto,dogs_vs_cats/cat/cat.10389.jpg,cat,0,/v3io/bigdata/dogs_vs_cats_sample/cat/cat.10389.jpg
nir-presto,dogs_vs_cats/cat/cat.1039.jpg,cat,0,/v3io/bigdata/dogs_vs_cats_sample/cat/cat.1039.jpg
nir-presto,dogs_vs_cats/cat/cat.10390.jpg,cat,0,/v3io/bigdata/dogs_vs_cats_sample/cat/cat.10390.jpg
nir-presto,dogs_vs_cats/cat/cat.10391.jpg,cat,0,/v3io/bigdata/dogs_vs_cats_sample/cat/cat.10391.jpg
nir-presto,dogs_vs_cats/cat/cat.10392.jpg,cat,0,/v3io/bigdata/dogs_vs_cats_sample/cat/cat.10392.jpg
nir-presto,dogs_vs_cats/cat/cat.10393.jpg,cat,0,/v3io/bigdata/dogs_vs_cats_sample/cat/cat.10393.jpg
nir-presto,dogs_vs_cats/cat/cat.10394.jpg,cat,0,/v3io/bigdata/dogs_vs_cats_sample/cat/cat.10394.jpg
nir-presto,dogs_vs_cats/cat/cat.10395.jpg,cat,0,/v3io/bigdata/dogs_vs_cats_sample/cat/cat.10395.jpg
nir-presto,dogs_vs_cats/cat/cat.10396.jpg,cat,0,/v3io/bigdata/dogs_vs_cats_sample/cat/cat.10396.jpg
nir-presto,dogs_vs_cats/cat/cat.10397.jpg,cat,0,/v3io/bigdata/dogs_vs_cats_sample/cat/cat.10397.jpg
nir-presto,dogs_vs_cats/cat/cat.10398.jpg,cat,0,/v3io/bigdata/dogs_vs_cats_sample/cat/cat.10398.jpg
nir-presto,dogs_vs_cats/cat/cat.10399.jpg,cat,0,/v3io/bigdata/dogs_vs_cats_sample/cat/cat.10399.jpg
nir-presto,dogs_vs_cats/cat/cat.104.jpg,cat,0,/v3io/bigdata/dogs_vs_cats_sample/cat/cat.104.jpg
nir-presto,dogs_vs_cats/cat/cat.1040.jpg,cat,0,/v3io/bigdata/dogs_vs_cats_sample/cat/cat.1040.jpg
nir-presto,dogs_vs_cats/cat/cat.10400.jpg,cat,0,/v3io/bigdata/dogs_vs_cats_sample/cat/cat.10400.jpg
nir-presto,dogs_vs_cats/cat/cat.10401.jpg,cat,0,/v3io/bigdata/dogs_vs_cats_sample/cat/cat.10401.jpg
nir-presto,dogs_vs_cats/cat/cat.10402.jpg,cat,0,/v3io/bigdata/dogs_vs_cats_sample/cat/cat.10402.jpg
nir-presto,dogs_vs_cats/cat/cat.10403.jpg,cat,0,/v3io/bigdata/dogs_vs_cats_sample/cat/cat.10403.jpg
nir-presto,dogs_vs_cats/cat/cat.10404.jpg,cat,0,/v3io/bigdata/dogs_vs_cats_sample/cat/cat.10404.jpg
nir-presto,dogs_vs_cats/cat/cat.10405.jpg,cat,0,/v3io/bigdata/dogs_vs_cats_sample/cat/cat.10405.jpg
nir-presto,dogs_vs_cats/cat/cat.10406.jpg,cat,0,/v3io/bigdata/dogs_vs_cats_sample/cat/cat.10406.jpg
nir-presto,dogs_vs_cats/cat/cat.10407.jpg,cat,0,/v3io/bigdata/dogs_vs_cats_sample/cat/cat.10407.jpg
nir-presto,dogs_vs_cats/cat/cat.10408.jpg,cat,0,/v3io/bigdata/dogs_vs_cats_sample/cat/cat.10408.jpg
nir-presto,dogs_vs_cats/cat/cat.10409.jpg,cat,0,/v3io/bigdata/dogs_vs_cats_sample/cat/cat.10409.jpg
nir-presto,dogs_vs_cats/cat/cat.1041.jpg,cat,0,/v3io/bigdata/dogs_vs_cats_sample/cat/cat.1041.jpg
nir-presto,dogs_vs_cats/cat/cat.10410.jpg,cat,0,/v3io/bigdata/dogs_vs_cats_sample/cat/cat.10410.jpg
nir-presto,dogs_vs_cats/cat/cat.10411.jpg,cat,0,/v3io/bigdata/dogs_vs_cats_sample/cat/cat.10411.jpg
nir-presto,dogs_vs_cats/cat/cat.10412.jpg,cat,0,/v3io/bigdata/dogs_vs_cats_sample/cat/cat.10412.jpg
nir-presto,dogs_vs_cats/cat/cat.10413.jpg,cat,0,/v3io/bigdata/dogs_vs_cats_sample/cat/cat.10413.jpg
nir-presto,dogs_vs_cats/cat/cat.10414.jpg,cat,0,/v3io/bigdata/dogs_vs_cats_sample/cat/cat.10414.jpg
nir-presto,dogs_vs_cats/cat/cat.10415.jpg,cat,0,/v3io/bigdata/dogs_vs_cats_sample/cat/cat.10415.jpg
nir-presto,dogs_vs_cats/cat/cat.10416.jpg,cat,0,/v3io/bigdata/dogs_vs_cats_sample/cat/cat.10416.jpg
nir-presto,dogs_vs_cats/cat/cat.10417.jpg,cat,0,/v3io/bigdata/dogs_vs_cats_sample/cat/cat.10417.jpg
nir-presto,dogs_vs_cats/cat/cat.10418.jpg,cat,0,/v3io/bigdata/dogs_vs_cats_sample/cat/cat.10418.jpg
nir-presto,dogs_vs_cats/cat/cat.10419.jpg,cat,0,/v3io/bigdata/dogs_vs_cats_sample/cat/cat.10419.jpg
nir-presto,dogs_vs_cats/cat/cat.1042.jpg,cat,0,/v3io/bigdata/dogs_vs_cats_sample/cat/cat.1042.jpg
nir-presto,dogs_vs_cats/cat/cat.10420.jpg,cat,0,/v3io/bigdata/dogs_vs_cats_sample/cat/cat.10420.jpg
nir-presto,dogs_vs_cats/cat/cat.10421.jpg,cat,0,/v3io/bigdata/dogs_vs_cats_sample/cat/cat.10421.jpg
nir-presto,dogs_vs_cats/cat/cat.10422.jpg,cat,0,/v3io/bigdata/dogs_vs_cats_sample/cat/cat.10422.jpg
nir-presto,dogs_vs_cats/cat/cat.10423.jpg,cat,0,/v3io/bigdata/dogs_vs_cats_sample/cat/cat.10423.jpg
nir-presto,dogs_vs_cats/cat/cat.10424.jpg,cat,0,/v3io/bigdata/dogs_vs_cats_sample/cat/cat.10424.jpg
nir-presto,dogs_vs_cats/cat/cat.10425.jpg,cat,0,/v3io/bigdata/dogs_vs_cats_sample/cat/cat.10425.jpg
nir-presto,dogs_vs_cats/cat/cat.10426.jpg,cat,0,/v3io/bigdata/dogs_vs_cats_sample/cat/cat.10426.jpg
nir-presto,dogs_vs_cats/cat/cat.10427.jpg,cat,0,/v3io/bigdata/dogs_vs_cats_sample/cat/cat.10427.jpg
nir-presto,dogs_vs_cats/cat/cat.10428.jpg,cat,0,/v3io/bigdata/dogs_vs_cats_sample/cat/cat.10428.jpg
nir-presto,dogs_vs_cats/cat/cat.10429.jpg,cat,0,/v3io/bigdata/dogs_vs_cats_sample/cat/cat.10429.jpg
nir-presto,dogs_vs_cats/cat/cat.1043.jpg,cat,0,/v3io/bigdata/dogs_vs_cats_sample/cat/cat.1043.jpg
nir-presto,dogs_vs_cats/cat/cat.10430.jpg,cat,0,/v3io/bigdata/dogs_vs_cats_sample/cat/cat.10430.jpg
nir-presto,dogs_vs_cats/cat/cat.10431.jpg,cat,0,/v3io/bigdata/dogs_vs_cats_sample/cat/cat.10431.jpg
nir-presto,dogs_vs_cats/cat/cat.10432.jpg,cat,0,/v3io/bigdata/dogs_vs_cats_sample/cat/cat.10432.jpg
nir-presto,dogs_vs_cats/cat/cat.10433.jpg,cat,0,/v3io/bigdata/dogs_vs_cats_sample/cat/cat.10433.jpg
nir-presto,dogs_vs_cats/cat/cat.10434.jpg,cat,0,/v3io/bigdata/dogs_vs_cats_sample/cat/cat.10434.jpg
nir-presto,dogs_vs_cats/cat/cat.10435.jpg,cat,0,/v3io/bigdata/dogs_vs_cats_sample/cat/cat.10435.jpg
nir-presto,dogs_vs_cats/cat/cat.10436.jpg,cat,0,/v3io/bigdata/dogs_vs_cats_sample/cat/cat.10436.jpg
nir-presto,dogs_vs_cats/cat/cat.10437.jpg,cat,0,/v3io/bigdata/dogs_vs_cats_sample/cat/cat.10437.jpg
nir-presto,dogs_vs_cats/cat/cat.10438.jpg,cat,0,/v3io/bigdata/dogs_vs_cats_sample/cat/cat.10438.jpg
nir-presto,dogs_vs_cats/cat/cat.10439.jpg,cat,0,/v3io/bigdata/dogs_vs_cats_sample/cat/cat.10439.jpg
nir-presto,dogs_vs_cats/cat/cat.1044.jpg,cat,0,/v3io/bigdata/dogs_vs_cats_sample/cat/cat.1044.jpg
nir-presto,dogs_vs_cats/cat/cat.10440.jpg,cat,0,/v3io/bigdata/dogs_vs_cats_sample/cat/cat.10440.jpg
nir-presto,dogs_vs_cats/cat/cat.10441.jpg,cat,0,/v3io/bigdata/dogs_vs_cats_sample/cat/cat.10441.jpg
nir-presto,dogs_vs_cats/cat/cat.10442.jpg,cat,0,/v3io/bigdata/dogs_vs_cats_sample/cat/cat.10442.jpg
nir-presto,dogs_vs_cats/cat/cat.10443.jpg,cat,0,/v3io/bigdata/dogs_vs_cats_sample/cat/cat.10443.jpg
nir-presto,dogs_vs_cats/cat/cat.10444.jpg,cat,0,/v3io/bigdata/dogs_vs_cats_sample/cat/cat.10444.jpg
nir-presto,dogs_vs_cats/cat/cat.10445.jpg,cat,0,/v3io/bigdata/dogs_vs_cats_sample/cat/cat.10445.jpg
nir-presto,dogs_vs_cats/cat/cat.10446.jpg,cat,0,/v3io/bigdata/dogs_vs_cats_sample/cat/cat.10446.jpg
